<?xml version="1.0" encoding="ISO-8859-1" ?>

<!DOCTYPE struts-config PUBLIC
       "-//Apache Software Foundation//DTD Struts Configuration 1.1//EN"
       "http://jakarta.apache.org/struts/dtds/struts-config_1_1.dtd">

<struts-config>
	<form-beans>
		<form-bean name="entityHomeForm" type="com.stercomm.customers.rbs.sct.ui.forms.EntityHomeForm"/>
		<form-bean name="entityListForm" type="com.stercomm.customers.rbs.sct.ui.forms.EntityHomeForm"/>
		<form-bean name="entityForm" type="com.stercomm.customers.rbs.sct.ui.forms.EntityForm"/>
		<form-bean name="entityScheduleForm" type="com.stercomm.customers.rbs.sct.ui.forms.EntityScheduleForm"/>
		<form-bean name="fileSearchForm" type="com.stercomm.customers.rbs.sct.ui.forms.FileSearchForm"/>
		<form-bean name="fileMonitorForm" type="com.stercomm.customers.rbs.sct.ui.forms.FileMonitorForm"/>
		<form-bean name="fileSearchMonitorForm" type="com.stercomm.customers.rbs.sct.ui.forms.FileMonitorForm"/>
		<form-bean name="errorMonitorForm" type="com.stercomm.customers.rbs.sct.ui.forms.FileMonitorForm"/>
		<form-bean name="transactionSearchForm" type="com.stercomm.customers.rbs.sct.ui.forms.TransactionSearchForm"/>
		<form-bean name="transactionSearchResultsForm" type="com.stercomm.customers.rbs.sct.ui.forms.TransactionSearchForm"/>
		<form-bean name="changeApproveForm" type="com.stercomm.customers.rbs.sct.ui.forms.ChangeApproveForm"/>
		
		<!-- Report Form-->
		<form-bean 	name="reportSearchForm" type="ic2.ui.struts.reports.forms.ReportSearchForm"/>
	</form-beans>
	
	<global-exceptions>
		<exception 
			key="exceptions.unauthorised"
			type="com.stercomm.customers.webapps.security.UnauthorizedException"
			path="/WEB-INF/jsp/errors/Unauthorized.jsp"/>
	</global-exceptions>
	
	<action-mappings>
	
		<!-- 
		**********************
		* Portal actions
		** -->
		
		
		<action path="/index" parameter="action" forward="/WEB-INF/jsp/dashboard/frameset.jsp" roles="SFG_UI_DASHBOARD"/>
		
		<action path="/home" parameter="action" type="com.stercomm.customers.rbs.sct.ui.actions.HomeAction" roles="SFG_UI_DASHBOARD">
			<forward name="viewForm" path="/WEB-INF/jsp/home/SCT_Home.jsp"></forward>
			<forward name="fileSCTErrors" path="/fileSearch.do?action=advancedSearch&amp;page=1&amp;&amp;bpState=RED&amp;service=SCT&amp;fileStatus=&amp;minDiff=0&amp;filename=&amp;reference=&amp;fromDate=&amp;toDate=&amp;type=&amp;direction=ALL"></forward>
			<forward name="fileSCTHour" path="/fileSearch.do?action=advancedSearch&amp;page=1&amp;&amp;bpState=ALL;&amp;service=SCT&amp;fileStatus=&amp;minDiff=60&amp;filename=&amp;reference=&amp;fromDate=&amp;toDate=&amp;type=&amp;direction=ALL"></forward>
			<forward name="fileSCTDay" path="/fileSearch.do?action=advancedSearch&amp;page=1&amp;&amp;bpState=ALL;&amp;service=SCT&amp;fileStatus=&amp;minDiff=1440&amp;filename=&amp;reference=&amp;fromDate=&amp;toDate=&amp;type=&amp;direction=ALL"></forward>
			<forward name="fileSCTWeek" path="/fileSearch.do?action=advancedSearch&amp;page=1&amp;&amp;bpState=ALL;&amp;service=SCT&amp;fileStatus=&amp;minDiff=10080&amp;filename=&amp;reference=&amp;fromDate=&amp;toDate=&amp;type=&amp;direction=ALL"></forward>
			
			<forward name="fileSDDErrors" path="/fileSearch.do?action=advancedSearch&amp;page=1&amp;&amp;bpState=RED&amp;service=SDD&amp;fileStatus=&amp;minDiff=0&amp;filename=&amp;reference=&amp;fromDate=&amp;toDate=&amp;type=&amp;direction=ALL"></forward>
			<forward name="fileSDDHour" path="/fileSearch.do?action=advancedSearch&amp;page=1&amp;&amp;bpState=ALL;&amp;service=SDD&amp;fileStatus=&amp;minDiff=60&amp;filename=&amp;reference=&amp;fromDate=&amp;toDate=&amp;type=&amp;direction=ALL"></forward>
			<forward name="fileSDDDay" path="/fileSearch.do?action=advancedSearch&amp;page=1&amp;&amp;bpState=ALL;&amp;service=SDD&amp;fileStatus=&amp;minDiff=1440&amp;filename=&amp;reference=&amp;fromDate=&amp;toDate=&amp;type=&amp;direction=ALL"></forward>
			<forward name="fileSDDWeek" path="/fileSearch.do?action=advancedSearch&amp;page=1&amp;&amp;bpState=ALL;&amp;service=SDD&amp;fileStatus=&amp;minDiff=10080&amp;filename=&amp;reference=&amp;fromDate=&amp;toDate=&amp;type=&amp;direction=ALL"></forward>
	
			<forward name="fileGPLErrors" path="/fileSearch.do?action=advancedSearch&amp;page=1&amp;&amp;bpState=RED&amp;service=GPL&amp;fileStatus=&amp;minDiff=0&amp;filename=&amp;reference=&amp;fromDate=&amp;toDate=&amp;type=&amp;direction=ALL"></forward>
			<forward name="fileGPLHour" path="/fileSearch.do?action=advancedSearch&amp;page=1&amp;&amp;bpState=ALL;&amp;service=GPL&amp;fileStatus=&amp;minDiff=60&amp;filename=&amp;reference=&amp;fromDate=&amp;toDate=&amp;type=&amp;direction=ALL"></forward>
			<forward name="fileGPLDay" path="/fileSearch.do?action=advancedSearch&amp;page=1&amp;&amp;bpState=ALL;&amp;service=GPL&amp;fileStatus=&amp;minDiff=1440&amp;filename=&amp;reference=&amp;fromDate=&amp;toDate=&amp;type=&amp;direction=ALL"></forward>
			<forward name="fileGPLWeek" path="/fileSearch.do?action=advancedSearch&amp;page=1&amp;&amp;bpState=ALL;&amp;service=GPL&amp;fileStatus=&amp;minDiff=10080&amp;filename=&amp;reference=&amp;fromDate=&amp;toDate=&amp;type=&amp;direction=ALL"></forward>			
			
			<forward name="fileROIErrors" path="/fileSearch.do?action=advancedSearch&amp;page=1&amp;&amp;bpState=RED&amp;service=ROI&amp;fileStatus=&amp;minDiff=0&amp;filename=&amp;reference=&amp;fromDate=&amp;toDate=&amp;type=&amp;direction=ALL"></forward>
			<forward name="fileROIHour" path="/fileSearch.do?action=advancedSearch&amp;page=1&amp;&amp;bpState=ALL;&amp;service=ROI&amp;fileStatus=&amp;minDiff=60&amp;filename=&amp;reference=&amp;fromDate=&amp;toDate=&amp;type=&amp;direction=ALL"></forward>
			<forward name="fileROIDay" path="/fileSearch.do?action=advancedSearch&amp;page=1&amp;&amp;bpState=ALL;&amp;service=ROI&amp;fileStatus=&amp;minDiff=1440&amp;filename=&amp;reference=&amp;fromDate=&amp;toDate=&amp;type=&amp;direction=ALL"></forward>
			<forward name="fileROIWeek" path="/fileSearch.do?action=advancedSearch&amp;page=1&amp;&amp;bpState=ALL;&amp;service=ROI&amp;fileStatus=&amp;minDiff=10080&amp;filename=&amp;reference=&amp;fromDate=&amp;toDate=&amp;type=&amp;direction=ALL"></forward>			
						
			<forward name="fileTRDErrors" path="/fileSearch.do?action=advancedSearch&amp;page=1&amp;&amp;bpState=RED&amp;service=TRD&amp;fileStatus=&amp;minDiff=0&amp;filename=&amp;reference=&amp;fromDate=&amp;toDate=&amp;type=&amp;direction=ALL"></forward>
			<forward name="fileTRDHour" path="/fileSearch.do?action=advancedSearch&amp;page=1&amp;&amp;bpState=ALL;&amp;service=TRD&amp;fileStatus=&amp;minDiff=60&amp;filename=&amp;reference=&amp;fromDate=&amp;toDate=&amp;type=&amp;direction=ALL"></forward>
			<forward name="fileTRDDay" path="/fileSearch.do?action=advancedSearch&amp;page=1&amp;&amp;bpState=ALL;&amp;service=TRD&amp;fileStatus=&amp;minDiff=1440&amp;filename=&amp;reference=&amp;fromDate=&amp;toDate=&amp;type=&amp;direction=ALL"></forward>
			<forward name="fileTRDWeek" path="/fileSearch.do?action=advancedSearch&amp;page=1&amp;&amp;bpState=ALL;&amp;service=TRD&amp;fileStatus=&amp;minDiff=10080&amp;filename=&amp;reference=&amp;fromDate=&amp;toDate=&amp;type=&amp;direction=ALL"></forward>			

			<forward name="pawHour" path="/transactionResults.do?action=viewForm&amp;page=1&amp;service=SCT&amp;minDiff=60&amp;transactionStatus=*&amp;transactionId=&amp;reference=&amp;settlementDateFrom=&amp;settlementDateTo=&amp;type=&amp;direction=PAW&amp;entityId=ALL"></forward>
			<forward name="pawDay" path="/transactionResults.do?action=viewForm&amp;page=1&amp;service=SCT&amp;minDiff=1440&amp;transactionStatus=*&amp;transactionId=&amp;reference=&amp;settlementDateFrom=&amp;settlementDateTo=&amp;type=&amp;direction=PAW&amp;entityId=ALL"></forward>
			<forward name="pawWeek" path="/transactionResults.do?action=viewForm&amp;page=1&amp;service=SCT&amp;minDiff=10080&amp;transactionStatus=*&amp;transactionId=&amp;reference=&amp;settlementDateFrom=&amp;settlementDateTo=&amp;type=&amp;direction=PAW&amp;entityId=ALL"></forward>			
	
			<forward name="transactionErrors" path="/transactionResults.do?action=viewForm&amp;page=1&amp;service=SCT&amp;minDiff=0&amp;transactionStatus=error&amp;transactionId=&amp;reference=&amp;settlementDateFrom=&amp;settlementDateTo=&amp;type=&amp;direction=ALL&amp;entityId=ALL"></forward>
			<forward name="transactionHour" path="/transactionResults.do?action=viewForm&amp;page=1&amp;service=SCT&amp;minDiff=60&amp;transactionStatus=*&amp;transactionId=&amp;reference=&amp;settlementDateFrom=&amp;settlementDateTo=&amp;type=&amp;direction=NOTPAW&amp;entityId=ALL"></forward>
			<forward name="transactionDay" path="/transactionResults.do?action=viewForm&amp;page=1&amp;service=SCT&amp;minDiff=1440&amp;transactionStatus=*&amp;transactionId=&amp;reference=&amp;settlementDateFrom=&amp;settlementDateTo=&amp;type=&amp;direction=NOTPAW&amp;entityId=ALL"></forward>
			<forward name="transactionWeek" path="/transactionResults.do?action=viewForm&amp;page=1&amp;service=SCT&amp;minDiff=10080&amp;transactionStatus=*&amp;transactionId=&amp;reference=&amp;settlementDateFrom=&amp;settlementDateTo=&amp;type=&amp;direction=NOTPAW&amp;entityId=ALL"></forward>

		</action>
	
		<action path="/login"
				type="ic2.ui.struts.login.actions.LoginAction"
				name="loginForm"
				validate="false"
				scope="request"
				roles="SFG_UI_DASHBOARD"
				>
			<forward name="success" path="/index.jsp"/>
			<forward name="failure" path="/dashboard/" contextRelative="true" />
		</action>
		
		<action path="/logout" parameter="action" type="com.stercomm.customers.webapps.util.struts.actions.LogoutAction" roles="Dashboard">
				<forward name="viewForm" path="/" redirect="true"/>
		</action>
		
		<action path="/reloadProperties" type="com.stercomm.customers.webapps.util.struts.actions.ReloadMessageResourcesAction" roles="ADMIN">
				<forward name="success" path="/index.do" redirect="true"/>
		</action>
		
		<!-- 
		**********************
		* Menu actions
		** -->
		<action path="/menu" parameter="action"  type="com.stercomm.customers.rbs.sct.ui.actions.MenuAction" roles="SFG_UI_DASHBOARD">
			<forward name="viewForm" path="/WEB-INF/jsp/dashboard/menu.jsp"></forward>
			<forward name="home" path="/home.do?action=viewForm"></forward>
			<forward name="entityHome" path="/entityHome.do?action=viewForm"></forward>
			<forward name="fileMonitor" path="/fileMonitor.do?action=viewForm"></forward>
			<forward name="errorMonitor" path="/errorMonitor.do?action=viewForm"></forward>
			<forward name="fileSearch" path="/fileSearch.do?action=viewForm"></forward>
			<forward name="transactionSearch" path="/transactionSearch.do?action=viewForm"></forward>
			<forward name="ic2Reports" path="/reportsHome.do?action=viewForm"></forward>
		</action>


		<action 
			path="/reportsHome"
			type="ic2.ui.struts.reports.actions.ReportsHomeAction" 
			name="reportSearchForm"
			validate="false" 
			parameter="homesDispatch" 
			scope="request"
			roles="SFG_UI_DASHBOARD">
			<forward name="viewForm" path="/WEB-INF/jsp/sctReports/REPORTS_HOME.jsp"  />
		</action>
		<action 
			path="/reportsRun"
			type="ic2.ui.struts.reports.actions.ReportsRunAction" 
			name="reportSearchForm"
			validate="false" 
			parameter="reportDispatch" 
			scope="request"
			roles="SFG_UI_DASHBOARD">
			<!-- generated report should be output directly to the Response Object as a data strean (same as tracking export) -->
			<forward name="wait" path="/WEB-INF/jsp/sctReports/REPORTS_RUN.jsp"  />
<!--			<forward name="success" path="/bpSuccess.jsp"  />-->
			<forward name="failure" path="/reportsHome.do"  />
			<forward name="viewReport" path="/ic2Report.xls" redirect="true"/>
		</action>
		
		<!-- 
		**********************
		* Entity Wizard actions
		** -->
		
		
		<action path="/entityList" parameter="action" name="entityListForm" scope="session" type="com.stercomm.customers.rbs.sct.ui.actions.EntityListAction" roles="SFG_UI_SCT_ENTITY">
			<forward name="viewForm" path="/WEB-INF/jsp/entity/SCT_EntityList.old.jsp"/>
			<forward name="editEntity" path="/entityLoad.do?action=load"/>
			<forward name="deleteEntity" path="/entityLoad.do?action=delete"/>
			<forward name="entityFiletype" path="/entityFiletype.do?action=viewForm"/>
                        <forward name="entityTransmit" path="/entityTransmit.do?action=viewForm"/>
			<forward name="entityReturn" path="/entityHome.do?action=viewForm"/>
			<forward name="noResults" path="/entityHome.do?action=viewForm"/>
			<forward name="changeApprove" path="/changeApprove.do?action=viewForm"/>
			<forward name="notfound" path="/WEB-INF/jsp/errors/notfound.jsp"></forward>
			
		</action>
		<action path="/entityFiletype" parameter="action" name="entityListForm" type="com.stercomm.customers.rbs.sct.ui.actions.EntityFileTypeAction" roles="SFG_UI_SCT_ENTITY_TRANSMIT">
			<forward name="viewForm" path="/WEB-INF/jsp/entity/SCT_EntityFileType.jsp"/>
			<forward name="entityTransmit" path="/entityTransmit.do?action=viewForm"/>
			<forward name="entityReturn" path="/entityList.do?action=viewForm"/>
		</action>
		<action path="/entityTransmit" parameter="action" name="entityListForm" type="com.stercomm.customers.rbs.sct.ui.actions.EntityTransmitAction" roles="SFG_UI_SCT_ENTITY_TRANSMIT">
			<forward name="viewForm" path="/WEB-INF/jsp/entity/SCT_EntityTransmit.jsp"/>
			<forward name="entityReturn" path="/entityList.do?action=viewForm"/>
		</action>
		
		<action path="/entityHome" name="entityHomeForm" scope="request" parameter="action" type="com.stercomm.customers.rbs.sct.ui.actions.EntityHomeAction" roles="SFG_UI_SCT_ENTITY">
			<forward name="viewForm" path="/WEB-INF/jsp/entity/SCT_EntityHome.jsp"/>
			<forward name="newSCTEntity" path="/entityNew.do?action=createSCT"/>
			<forward name="newSDDEntity" path="/entityNew.do?action=createSDD"/>
			<forward name="newGPLEntity" path="/entityNew.do?action=createGPL"/>
			<forward name="newROIEntity" path="/entityNew.do?action=createROI"/>
			<forward name="newTRDEntity" path="/entityNew.do?action=createTRD"/>
			<forward name="entityResults" path="/entityList.do?action=viewForm"/>
					</action>
		
		<action path="/entityNew" parameter="action" type="com.stercomm.customers.rbs.sct.ui.actions.EntityLoadAction" roles="SFG_UI_SCT_ENTITY_CREATE,SFG_UI_SCT_CREATE_ENTITY_SCT,SFG_UI_SCT_CREATE_ENTITY_SDD,SFG_UI_SCT_CREATE_ENTITY_GPL,SFG_UI_SCT_CREATE_ENTITY_ROI,SFG_UI_SCT_CREATE_ENTITY_TRD">
			<forward name="newEntity" path="/entityName.do?action=viewForm"></forward>
		</action>
		<action path="/entityLoad" name="entityForm" parameter="action" type="com.stercomm.customers.rbs.sct.ui.actions.EntityLoadAction" roles="SFG_UI_SCT_ENTITY_EDIT, SFG_UI_SCT_CREATE_ENTITY_SCT,SFG_UI_SCT_CREATE_ENTITY_SDD,SFG_UI_SCT_CREATE_ENTITY_GPL,SFG_UI_SCT_CREATE_ENTITY_ROI,SFG_UI_SCT_CREATE_ENTITY_TRD,SFG_UI_SCT_CREATE_ENTITY_SCT,SFG_UI_SCT_CREATE_ENTITY_SDD,SFG_UI_SCT_CREATE_ENTITY_GPL,SFG_UI_SCT_CREATE_ENTITY_ROI,SFG_UI_SCT_CREATE_ENTITY_TRD,SFG_UI_SCT_EDIT_ENTITY_SCT,SFG_UI_SCT_EDIT_ENTITY_SDD,SFG_UI_SCT_EDIT_ENTITY_GPL,SFG_UI_SCT_EDIT_ENTITY_ROI,SFG_UI_SCT_EDIT_ENTITY_TRD">
			<forward name="loadEntity" path="/entityName.do?action=viewForm"></forward>
			<forward name="deleteEntity" path="/entityConfirm.do?action=viewForm"></forward>
		</action>
		
		<action path="/entityName" name="entityForm" parameter="action" type="com.stercomm.customers.rbs.sct.ui.actions.EntityNameAction" roles="SFG_UI_SCT_ENTITY_CREATE,SFG_UI_SCT_SCT_ENTITY_EDIT,SFG_UI_SCT_CREATE_ENTITY_SCT,SFG_UI_SCT_CREATE_ENTITY_SDD,SFG_UI_SCT_CREATE_ENTITY_GPL,SFG_UI_SCT_CREATE_ENTITY_ROI,SFG_UI_SCT_CREATE_ENTITY_TRD,SFG_UI_SCT_EDIT_ENTITY_SCT,SFG_UI_SCT_EDIT_ENTITY_SDD,SFG_UI_SCT_EDIT_ENTITY_GPL,SFG_UI_SCT_EDIT_ENTITY_ROI,SFG_UI_SCT_EDIT_ENTITY_TRD">
			<forward name="viewForm" path="/WEB-INF/jsp/entity/SCT_EntityName.jsp"/>
			<forward name="next" path="/entityScheduleList.do?action=viewForm"/>
			<forward name="cancel" path="/entityHome.do?action=viewForm"/>
			<forward name="save" path="/entityConfirm.do?action=viewForm"/>
			<forward name="entityName" path="/entityName.do?action=viewForm"/>
			<forward name="entityScheduleList" path="/entityScheduleList.do?action=viewForm"/>
			<forward name="entityCDDetails" path="/entityCDDetails.do?action=viewForm"/>
			<forward name="entityMQDetails" path="/entityMQDetails.do?action=viewForm"/>			
			<forward name="entitySwift" path="/entitySwift.do?action=viewForm"/>
			<forward name="confirm" path="/entityConfirm.do?action=viewForm"/>
		</action>
		
		<action path="/entityScheduleList" name="entityForm" parameter="action" type="com.stercomm.customers.rbs.sct.ui.actions.EntityScheduleListAction" roles="SFG_UI_SCT_ENTITY_CREATE,SFG_UI_SCT_SCT_ENTITY_EDIT,SFG_UI_SCT_CREATE_ENTITY_SCT,SFG_UI_SCT_CREATE_ENTITY_SDD,SFG_UI_SCT_CREATE_ENTITY_GPL,SFG_UI_SCT_CREATE_ENTITY_ROI,SFG_UI_SCT_CREATE_ENTITY_TRD,SFG_UI_SCT_EDIT_ENTITY_SCT,SFG_UI_SCT_EDIT_ENTITY_SDD,SFG_UI_SCT_EDIT_ENTITY_GPL,SFG_UI_SCT_EDIT_ENTITY_ROI,SFG_UI_SCT_EDIT_ENTITY_TRD">
			<forward name="viewForm" path="/WEB-INF/jsp/entity/SCT_EntityScheduleList.jsp"></forward>
			<forward name="back" path="/entityName.do?action=viewForm"/>
			<forward name="next" path="/entityMQDetails.do?action=viewForm"/>
			<forward name="cancel" path="/entityHome.do?action=viewForm"/>
			<forward name="save" path="/entityConfirm.do?action=viewForm"/>
			
			<forward name="entityCDDetails" path="/entityCDDetails.do?action=viewForm"/>
			<forward name="entityMQDetails" path="/entityMQDetails.do?action=viewForm"/>						
			<forward name="entityName" path="/entityName.do?action=viewForm"/>
			<forward name="entityScheduleList" path="/entityScheduleList.do?action=viewForm"/>
			<forward name="entitySwift" path="/entitySwift.do?action=viewForm"/>
			<forward name="confirm" path="/entityConfirm.do?action=viewForm"/>
			
			<forward name="addNewSchedule" path="/entityScheduleName.do?action=viewForm"/>
			<forward name="editSchedule" path="/entityScheduleName.do?action=viewForm"/>
			<forward name="deleteSchedule" path="/entityScheduleList.do?action=viewForm"/>
		</action>
		
		<!-- Need to add: /entityScheduleAdd; /entityScheduleLoad actions, which can be mapped to ADD/EDIT permissions -->
		
		<action path="/entityScheduleName" scope="request" name="entityScheduleForm" parameter="action" type="com.stercomm.customers.rbs.sct.ui.actions.EntityScheduleNameAction" roles="SFG_UI_SCT_ENTITY,SFG_UI_SCT_CREATE_ENTITY_SCT,SFG_UI_SCT_EDIT_ENTITY_SCT">
			<forward name="viewForm" path="/WEB-INF/jsp/entity/SCT_EntityScheduleName.jsp"/>
			<forward name="back" path="/entityScheduleList.do?action=viewForm"/>
			<forward name="next" path="/entityScheduleList.do?action=viewForm"/>
			<forward name="cancel" path="/entityHome.do?action=viewForm"/>
			<forward name="save" path="/entityConfirm.do?action=viewForm"/>
			<forward name="entityCDDetails" path="/entityCDDetails.do?action=viewForm"/>
			<forward name="entityMQDetails" path="/entityMQDetails.do?action=viewForm"/>			
			<forward name="entityName" path="/entityName.do?action=viewForm"/>
			<forward name="entityScheduleList" path="/entityScheduleList.do?action=viewForm"/>
			<forward name="entitySwift" path="/entitySwift.do?action=viewForm"/>
			<forward name="confirm" path="/entityConfirm.do?action=viewForm"/>
		</action>
		
		<action path="/entitySwift" name="entityForm" parameter="action" type="com.stercomm.customers.rbs.sct.ui.actions.EntitySwiftAction" roles="SFG_UI_SCT_ENTITY_CREATE,SFG_UI_SCT_ENTITY_EDIT,SFG_UI_SCT_CREATE_ENTITY_SCT,SFG_UI_SCT_CREATE_ENTITY_SDD,SFG_UI_SCT_CREATE_ENTITY_GPL,SFG_UI_SCT_CREATE_ENTITY_ROI,SFG_UI_SCT_CREATE_ENTITY_TRD,SFG_UI_SCT_EDIT_ENTITY_SCT,SFG_UI_SCT_EDIT_ENTITY_SDD,SFG_UI_SCT_EDIT_ENTITY_GPL,SFG_UI_SCT_EDIT_ENTITY_ROI,SFG_UI_SCT_EDIT_ENTITY_TRD">
			<forward name="viewForm" path="/WEB-INF/jsp/entity/SCT_EntitySwift.jsp"/>
			<forward name="back" path="/entityMQDetails.do?action=viewForm"/>
			<forward name="next" path="/entityConfirm.do?action=viewForm"/>
			<forward name="cancel" path="/entityHome.do?action=viewForm"/>
			<forward name="save" path="/entityConfirm.do?action=viewForm"/>
			<forward name="entityCDDetails" path="/entityCDDetails.do?action=viewForm"/>
			<forward name="entityMQDetails" path="/entityMQDetails.do?action=viewForm"/>					
			<forward name="entityName" path="/entityName.do?action=viewForm"/>
			<forward name="entityScheduleList" path="/entityScheduleList.do?action=viewForm"/>
			<forward name="entitySwift" path="/entitySwift.do?action=viewForm"/>
			<forward name="confirm" path="/entityConfirm.do?action=viewForm"/>
		</action>
		
		<action path="/GPLentitySwift" name="entityForm" parameter="action" type="com.stercomm.customers.rbs.sct.ui.actions.EntitySwiftAction" roles="SFG_UI_SCT_ENTITY_CREATE,SFG_UI_SCT_ENTITY_EDIT,SFG_UI_SCT_CREATE_ENTITY_SCT,SFG_UI_SCT_CREATE_ENTITY_SDD,SFG_UI_SCT_CREATE_ENTITY_GPL,SFG_UI_SCT_CREATE_ENTITY_ROI,SFG_UI_SCT_CREATE_ENTITY_TRD,SFG_UI_SCT_EDIT_ENTITY_SCT,SFG_UI_SCT_EDIT_ENTITY_SDD,SFG_UI_SCT_EDIT_ENTITY_GPL,SFG_UI_SCT_EDIT_ENTITY_ROI,SFG_UI_SCT_EDIT_ENTITY_TRD">
			<forward name="viewForm" path="/WEB-INF/jsp/entity/SCT_EntitySwift.jsp"/>
			<forward name="back" path="/entityName.do?action=viewForm"/>
			<forward name="next" path="/entityConfirm.do?action=viewForm"/>
			<forward name="cancel" path="/entityHome.do?action=viewForm"/>
			<forward name="save" path="/entityConfirm.do?action=viewForm"/>
			<forward name="entityCDDetails" path="/entityCDDetails.do?action=viewForm"/>
			<forward name="entityMQDetails" path="/entityMQDetails.do?action=viewForm"/>					
			<forward name="entityName" path="/entityName.do?action=viewForm"/>
			<forward name="entityScheduleList" path="/entityScheduleList.do?action=viewForm"/>
			<forward name="entitySwift" path="/entitySwift.do?action=viewForm"/>
			<forward name="confirm" path="/entityConfirm.do?action=viewForm"/>
		</action>
		
		<action path="/entityCDDetails" name="entityForm" parameter="action" type="com.stercomm.customers.rbs.sct.ui.actions.EntityCDDetailsAction" roles="SFG_UI_SCT_ENTITY_CREATE,SFG_UI_SCT_ENTITY_EDIT,SFG_UI_SCT_CREATE_ENTITY_SCT,SFG_UI_SCT_CREATE_ENTITY_SDD,SFG_UI_SCT_CREATE_ENTITY_GPL,SFG_UI_SCT_CREATE_ENTITY_ROI,SFG_UI_SCT_CREATE_ENTITY_TRD,SFG_UI_SCT_EDIT_ENTITY_SCT,SFG_UI_SCT_EDIT_ENTITY_SDD,SFG_UI_SCT_EDIT_ENTITY_GPL,SFG_UI_SCT_EDIT_ENTITY_ROI,SFG_UI_SCT_EDIT_ENTITY_TRD">
			<forward name="viewForm" path="/WEB-INF/jsp/entity/SCT_EntityCDDetails.jsp"></forward>
			<forward name="back" path="/entityName.do?action=viewForm"/>
			<forward name="next" path="/entitySwift.do?action=viewForm"/>
			<forward name="cancel" path="/entityHome.do?action=viewForm"/>
			<forward name="save" path="/entityConfirm.do?action=viewForm"/>
			<forward name="entityName" path="/entityName.do?action=viewForm"/>
			<forward name="entityCDDetails" path="/entityCDDetails.do?action=viewForm"/>
			<forward name="entityMQDetails" path="/entityMQDetails.do?action=viewForm"/>
			<forward name="entitySwift" path="/entitySwift.do?action=viewForm"/>
			<forward name="confirm" path="/entityConfirm.do?action=viewForm"/>
		</action>
		
			<action path="/entityMQDetails" name="entityForm" parameter="action" type="com.stercomm.customers.rbs.sct.ui.actions.EntityMQDetailsAction" roles="SFG_UI_SCT_ENTITY_CREATE,SFG_UI_SCT_ENTITY_EDIT,SFG_UI_SCT_CREATE_ENTITY_SCT,SFG_UI_SCT_CREATE_ENTITY_SDD,SFG_UI_SCT_CREATE_ENTITY_GPL,SFG_UI_SCT_CREATE_ENTITY_ROI,SFG_UI_SCT_CREATE_ENTITY_TRD,SFG_UI_SCT_EDIT_ENTITY_SCT,SFG_UI_SCT_EDIT_ENTITY_SDD,SFG_UI_SCT_EDIT_ENTITY_GPL,SFG_UI_SCT_EDIT_ENTITY_ROI,SFG_UI_SCT_EDIT_ENTITY_TRD">
			<forward name="viewForm" path="/WEB-INF/jsp/entity/SCT_EntityMQDetails.jsp"></forward>
			<forward name="back" path="/entityScheduleList.do?action=viewForm"/>
			<forward name="next" path="/entitySwift.do?action=viewForm"/>
			<forward name="cancel" path="/entityHome.do?action=viewForm"/>
			<forward name="save" path="/entityConfirm.do?action=viewForm"/>
			
			<forward name="entityName" path="/entityName.do?action=viewForm"/>
			<forward name="entityScheduleList" path="/entityScheduleList.do?action=viewForm"/>
			<forward name="entityMQDetails" path="/entityMQDetails.do?action=viewForm"/>
			<forward name="entitySwift" path="/entityentitySwift.do?action=viewForm"/>
			<forward name="confirm" path="/entityConfirm.do?action=viewForm"/>
			
		</action>
		
		
		<action path="/entityConfirm" name="entityForm" parameter="action" type="com.stercomm.customers.rbs.sct.ui.actions.EntityConfirmAction" roles="SFG_UI_SCT_ENTITY_CREATE,SFG_UI_SCT_ENTITY_EDIT,SFG_UI_SCT_CREATE_ENTITY_SCT,SFG_UI_SCT_CREATE_ENTITY_SDD,SFG_UI_SCT_CREATE_ENTITY_GPL,SFG_UI_SCT_CREATE_ENTITY_ROI,SFG_UI_SCT_CREATE_ENTITY_TRD,SFG_UI_SCT_EDIT_ENTITY_SCT,SFG_UI_SCT_EDIT_ENTITY_SDD,SFG_UI_SCT_EDIT_ENTITY_GPL,SFG_UI_SCT_EDIT_ENTITY_ROI,SFG_UI_SCT_EDIT_ENTITY_TRD,SFG_UI_SCT_DELETE_ENTITY_SCT,SFG_UI_SCT_DELETE_ENTITY_SDD,SFG_UI_SCT_DELETE_ENTITY_GPL,SFG_UI_SCT_DELETE_ENTITY_ROI,SFG_UI_SCT_DELETE_ENTITY_TRD">
			<forward name="viewForm" path="/WEB-INF/jsp/entity/SCT_EntityConfirm.jsp"/>
			<forward name="back" path="/entitySwift.do?action=viewForm"/>
			<forward name="next" path="/WEB-INF/jsp/entity/SCT_EntityConfirm.jsp"/>
			<forward name="cancel" path="/entityHome.do?action=viewForm"/>
			<forward name="finish" path="/entityReturn.do?action=viewForm"/>
			
			<forward name="entityCDDetails" path="/entityCDDetails.do?action=viewForm"/>
			<forward name="entityMQDetails" path="/entityMQDetails.do?action=viewForm"/>			
			<forward name="entityName" path="/entityName.do?action=viewForm"/>
			<forward name="entityScheduleList" path="/entityScheduleList.do?action=viewForm"/>
			<forward name="entitySwift" path="/entitySwift.do?action=viewForm"/>
			<forward name="confirm" path="/entityConfirm.do?action=viewForm"/>
		</action>
		
		<action path="/entityReturn" name="entityForm" parameter="action" type="com.stercomm.customers.rbs.sct.ui.actions.EntityReturnAction" roles="SFG_UI_SCT_ENTITY_CREATE,SFG_UI_SCT_ENTITY_EDIT,SFG_UI_SCT_CREATE_ENTITY_SCT,SFG_UI_SCT_CREATE_ENTITY_SDD,SFG_UI_SCT_CREATE_ENTITY_GPL,SFG_UI_SCT_CREATE_ENTITY_ROI,SFG_UI_SCT_CREATE_ENTITY_TRD,SFG_UI_SCT_EDIT_ENTITY_SCT,SFG_UI_SCT_EDIT_ENTITY_SDD,SFG_UI_SCT_EDIT_ENTITY_GPL,SFG_UI_SCT_EDIT_ENTITY_ROI,SFG_UI_SCT_EDIT_ENTITY_TRD,SFG_UI_SCT_DELETE_ENTITY_SCT,SFG_UI_SCT_DELETE_ENTITY_SDD,SFG_UI_SCT_DELETE_ENTITY_GPL,SFG_UI_SCT_DELETE_ENTITY_ROI,SFG_UI_SCT_DELETE_ENTITY_TRD">
			<forward name="viewForm" path="/WEB-INF/jsp/entity/SCT_EntityFinish.jsp"/>
			<forward name="returnNew" path="/entityHome.do?action=viewForm"/>
			<forward name="returnEdit" path="/entityList.do?action=viewForm"/>
		</action>
		
		
		<action path="/entityView" parameter="action" type="com.stercomm.customers.rbs.sct.ui.actions.EntityViewAction" roles="SFG_UI_SCT_ENTITY_VIEW">
			<forward name="viewForm" path="/WEB-INF/jsp/entity/SCT_EntityView.jsp"></forward>
		</action>
		
		<action path="/changeView" parameter="action" type="com.stercomm.customers.rbs.sct.ui.actions.ChangeViewAction" roles="SFG_UI_SCT_CHANGE_VIEWER">
			<forward name="viewForm" path="/WEB-INF/jsp/change/SCT_Change_View.jsp"></forward>
			<forward name="notfound" path="/WEB-INF/jsp/errors/notfound.jsp"></forward>
		</action>
		<action path="/diffView" parameter="action" type="com.stercomm.customers.rbs.sct.ui.actions.DiffViewAction" roles="SFG_UI_SCT_CHANGE_VIEWER">
			<forward name="viewForm" path="/WEB-INF/jsp/change/SCT_Change_Differences.jsp"></forward>
			<forward name="notfound" path="/WEB-INF/jsp/errors/notfound.jsp"></forward>
		</action>
		
		<action path="/changeApprove" name="changeApproveForm" scope="request" parameter="action" type="com.stercomm.customers.rbs.sct.ui.actions.ChangeApproveAction" roles="SFG_UI_SCT_APPROVE_ENTITY_SCT,SFG_UI_SCT_APPROVE_ENTITY_SDD,SFG_UI_SCT_APPROVE_ENTITY_GPL,SFG_UI_SCT_APPROVE_ENTITY_ROI,SFG_UI_SCT_APPROVE_ENTITY_TRD">
			<forward name="viewForm" path="/WEB-INF/jsp/change/SCT_Change_Approve.jsp"></forward>
			<forward name="notfound" path="/WEB-INF/jsp/errors/notfound.jsp"></forward>
			<forward name="cancelEntity" path="/entityList.do?action=viewForm"/>
			<forward name="cancel" path="/home"/>
			<forward name="finish" path="/WEB-INF/jsp/change/SCT_Change_Finish.jsp"/>
		</action>
		
		<!-- 
		**********************
		* File Monitor actions
		** -->
		
		
		<action path="/fileMonitor" parameter="action" name="fileMonitorForm" type="com.stercomm.customers.rbs.sct.ui.actions.FileMonitorAction" roles="SFG_UI_SCT_FILE_MONITOR">
			<forward name="viewForm" path="/WEB-INF/jsp/tracking/SCT_FileMonitor.jsp"></forward>
			<forward name="overrideDuplicateSuccess" path="/fileMonitor.do?action=viewForm&amp;page=1"></forward>
		</action>
		
		<action path="/errorMonitor" parameter="action" name="errorMonitorForm" type="com.stercomm.customers.rbs.sct.ui.actions.ErrorMonitorAction" roles="SFG_UI_SCT_FILE_MONITOR">
			<forward name="viewForm" path="/WEB-INF/jsp/tracking/SCT_ErrorMonitor.jsp"></forward>
			<forward name="overrideDuplicateSuccess" path="/errorMonitor.do?action=viewForm&amp;page=1"></forward>
		</action>
		
		<action path="/fileSearch" scope="request" name="fileSearchForm" parameter="action" type="com.stercomm.customers.rbs.sct.ui.actions.FileSearchAction" roles="SFG_UI_SCT_FILE_SEARCH">
			<forward name="viewForm" path="/WEB-INF/jsp/tracking/SCT_FileSearch.jsp"></forward>
			<forward name="viewResults" path="/fileSearchMonitor.do?action=viewForm&amp;page=1"></forward>
			<forward name="noResults" path="/fileSearch.do?action=viewForm"/>
		</action>
		
		<action path="/fileSearchMonitor" parameter="action" name="fileSearchMonitorForm" type="com.stercomm.customers.rbs.sct.ui.actions.FileSearchMonitorAction" roles="SFG_UI_SCT_FILE_MONITOR">
			<forward name="viewResults" path="/WEB-INF/jsp/tracking/SCT_FileSearchMonitor.jsp"></forward>
			<forward name="overrideDuplicateSuccess" path="/fileSearchMonitor.do?action=viewForm&amp;page=1"></forward>
			<forward name="noResults" path="/fileSearch.do?action=viewForm"/>
		</action>

		<action path="/fileView" parameter="action" type="com.stercomm.customers.rbs.sct.ui.actions.BundleViewAction" roles="SFG_UI_SCT_FILE_VIEW">
			<forward name="viewForm" path="/WEB-INF/jsp/tracking/SCT_FileView.jsp"></forward>
		</action>
		
		<action path="/errorView" parameter="action" type="com.stercomm.customers.rbs.sct.ui.actions.ErrorViewAction" roles="SFG_UI_SCT_ERROR_VIEW">
			<forward name="viewForm" path="/WEB-INF/jsp/tracking/SCT_ErrorView.jsp"></forward>
		</action>
		
		
		<!-- 
		**********************
		* Transaction actions
		** -->
		<action path="/transactionSearch" name="transactionSearchForm" scope="request" parameter="action" type="com.stercomm.customers.rbs.sct.ui.actions.TransactionSearchAction" roles="SFG_UI_SCT_TRANSACTION_SEARCH">
			<forward name="viewForm" path="/WEB-INF/jsp/transaction/SCT_TransactionSearch.jsp"></forward>
			<forward name="searchResults" path="/transactionResults.do?action=viewForm&amp;page=1"></forward>
		</action>
		
		<action path="/transactionResults" name="transactionSearchResultsForm" parameter="action" type="com.stercomm.customers.rbs.sct.ui.actions.TransactionResultsAction" roles="SFG_UI_SCT_TRANSACTION_SEARCH">
			<forward name="viewForm" path="/WEB-INF/jsp/transaction/SCT_TransactionMonitor.jsp"/>
			<forward name="noResults" path="/transactionSearch.do?action=viewForm"/>
		</action>

		<action path="/transactionView" parameter="action" type="com.stercomm.customers.rbs.sct.ui.actions.TransactionViewAction" roles="SFG_UI_SCT_TRANSACTION_VIEW">
			<forward name="viewForm" path="/WEB-INF/jsp/transaction/SCT_TransactionView.jsp"></forward>
		</action>
		
		<action path="/transactionList" parameter="action" type="com.stercomm.customers.rbs.sct.ui.actions.TransactionListAction" roles="SFG_UI_SCT_TRANSACTION_LIST">
			<forward name="viewForm" path="/WEB-INF/jsp/transaction/SCT_TransactionList.jsp"></forward>
		</action>
				
 	</action-mappings>

	  
	<controller processorClass="com.stercomm.customers.webapps.security.struts.SecureRequestProcessor">
	</controller>
	
	<message-resources parameter="com.stercomm.customers.rbs.sct.ui.resources.MessageResources" factory="com.stercomm.customers.webapps.util.struts.ReloadablePropertyMessageResourcesFactory" null="false"/>
 	<message-resources  key="bpNames" parameter="com.stercomm.customers.rbs.sct.ui.resources.BPNames" factory="com.stercomm.customers.webapps.util.struts.ReloadablePropertyMessageResourcesFactory" null="false"/>
 	<message-resources parameter="ic2.ui.resources.ValidationRules" key="validationRules" factory="com.stercomm.customers.webapps.util.struts.ReloadablePropertyMessageResourcesFactory"/>
 	<message-resources parameter="com.stercomm.customers.rbs.sct.ui.resources.HibernateSearchQueries" key="hibernateSearchQueries" factory="com.stercomm.customers.webapps.util.struts.ReloadablePropertyMessageResourcesFactory"/>
 	
	<plug-in className="org.apache.struts.validator.ValidatorPlugIn">
		<set-property property="pathnames" value="/WEB-INF/validation.xml"/>
		<set-property property="stopOnFirstError" value="false"/>
	</plug-in>
	
</struts-config>
