<?xml version="1.0" encoding="UTF-8"?>
<!DOCTYPE hibernate-configuration PUBLIC
		"-//Hibernate/Hibernate Configuration DTD 3.0//EN"
		"http://hibernate.sourceforge.net/hibernate-configuration-3.0.dtd">
<hibernate-configuration >
	<session-factory>
		<property name="hibernate.cache.provider_class">org.hibernate.cache.EhCacheProvider</property>
		<property name="hibernate.bytecode.use_reflection_optimizer">false</property>
        <!-- <property name="hibernate.default_schema">ic2test</property>-->
        <property name="hibernate.dialect">org.hibernate.dialect.OracleDialect</property>
		<property name="hibernate.show_sql">true</property>

		<mapping resource="/com/stercomm/customers/rbs/sct/ui/dtoimpl/BundleImpl.hbm.xml"/>
		<mapping resource="/com/stercomm/customers/rbs/sct/ui/dtoimpl/EntityImpl.hbm.xml"/>
		<!-- <mapping resource="/com/stercomm/customers/rbs/sct/ui/dtoimpl/PaymentArchiveImpl.hbm.xml"/>  -->
		<!-- <mapping resource="/com/stercomm/customers/rbs/sct/ui/dtoimpl/PaymentCurrentImpl.hbm.xml"/>  -->
		<mapping resource="/com/stercomm/customers/rbs/sct/ui/dtoimpl/PaymentImpl.hbm.xml"/>
		<mapping resource="/com/stercomm/customers/rbs/sct/ui/dtoimpl/ScheduleImpl.hbm.xml"/>
		<mapping resource="/com/stercomm/customers/rbs/sct/ui/dtoimpl/WFInstSImpl.hbm.xml"/>
		<mapping resource="/com/stercomm/customers/rbs/sct/ui/dtoimpl/MessageImpl.hbm.xml"/>
		<mapping resource="/com/stercomm/customers/rbs/sct/ui/dtoimpl/MailboxImpl.hbm.xml"/>
		<mapping resource="com/stercomm/customers/rbs/sct/ui/resources/queries.hbm.xml"/>
	</session-factory>

</hibernate-configuration>
