<?xml version="1.0" encoding="UTF-8"?>

<!DOCTYPE hibernate-mapping PUBLIC
    "-//Hibernate/Hibernate Mapping DTD 3.0//EN" 
    "http://hibernate.sourceforge.net/hibernate-mapping-3.0.dtd">

<hibernate-mapping>

<query name="dao.mqtransfer.list" >from com.stercomm.customers.rbs.sct.ui.dtoimpl.MQTransferImpl mqt </query>
<query name="dao.mqtransfer.byKey" >from com.stercomm.customers.rbs.sct.ui.dtoimpl.MQTransferImpl mqt where mqt.correlationid=:correlationid and mqt.producer=:producer and mqt.consumer=:consumer</query>
<query name="dao.mqtransfer.list.Monitor" >from com.stercomm.customers.rbs.sct.ui.dtoimpl.MQTransferImpl mqt order by mqt.created desc</query>
<query name="dao.mqtransfer.list.Monitor.size" >select count (*) from com.stercomm.customers.rbs.sct.ui.dtoimpl.MQTransferImpl mqt</query>
<query name="dao.mqtransfer.error.list" >from com.stercomm.customers.rbs.sct.ui.dtoimpl.MQTransferImpl mqt where mqt.status &lt; 2  order by mqt.created desc</query>
<query name="dao.mqtransfer.error.list.size" >select count (*) from com.stercomm.customers.rbs.sct.ui.dtoimpl.MQTransferImpl mqt where mqt.status &lt; 2 </query>
<query name="dao.mqtransfer.list.size" > select count (*) from com.stercomm.customers.rbs.sct.ui.dtoimpl.MQTransferImpl mqt</query>

	<sql-query name="home.systemErrors">
	    <return-scalar column="FATAL_ERROR" type="integer"/>
	SELECT ( SELECT COUNT(*) FROM WORKFLOW_CONTEXT WFC_MAIN_1 WHERE ACTIVITYINFO_ID = 0 AND STEP_ID = 0 AND WORKFLOW_ID IN (SELECT WF_ID FROM ARCHIVE_INFO WHERE ARCHIVE_FLAG=-1 ) AND 1=( SELECT MAX( CASE WHEN BASIC_STATUS = 1 THEN 1 WHEN BASIC_STATUS = 10001 THEN 1 WHEN BASIC_STATUS = 200 THEN 1 WHEN BASIC_STATUS = 10200 THEN 1 WHEN BASIC_STATUS = 100 THEN 1 WHEN BASIC_STATUS = 10100 THEN 1 WHEN BASIC_STATUS = 300 THEN 1 WHEN BASIC_STATUS = 10300 THEN 1 WHEN BASIC_STATUS = 450 THEN 1 WHEN BASIC_STATUS = 10450 THEN 1 WHEN BASIC_STATUS = 400 THEN 1 WHEN BASIC_STATUS = 10400 THEN 1 WHEN BASIC_STATUS = 2 THEN 1 WHEN BASIC_STATUS = 10002 THEN 1 ELSE 0 END ) FROM WORKFLOW_CONTEXT WFC_STATUS_1 WHERE WFC_STATUS_1.WORKFLOW_ID = WFC_MAIN_1.WORKFLOW_ID) ) AS FATAL_ERROR FROM DUAL

	</sql-query>
</hibernate-mapping>
