<ProcessData>
	<RmD>
		<TrackingId>183</TrackingId>
		<OutboundFileSequence />
		<OutboundDocId>
			110738-ap06arac:30694d04:1139f925e3b:765d
		</OutboundDocId>

	</RmD>
	<GNW_ProcessFile>
		<fileConfig>
			<INBOUND_DOC_ID>
				110738-ap06arac:30694d04 :1139f925e3b:765d
			</INBOUND_DOC_ID>
			<FILE_CONFIG_ID>22</FILE_CONFIG_ID>
			<SOURCE_EPID>21</SOURCE_EPID>
			<DEST_EPID>41</DEST_EPID>
			<DESCRIPTION>TIA PAYM File</DESCRIPTION>
			<ACTIVE_FLAG>Y</ACTIVE_FLAG>
			<FILE_IDENT_START_POS>4</FILE_IDENT_START_POS>
			<FILE_IDENTIFIER>PAYM</FILE_IDENTIFIER>
			<RENAME_FLAG>Y</RENAME_FLAG>
			<RENAME_FORMAT>'AEZP.EZBNF099.FTPDATA(+1)'</RENAME_FORMAT>
			<SEQ_CHECK>N</SEQ_CHECK>
			<SEQ_POS_START>0</SEQ_POS_START>
			<SEQ_POS_END>0</SEQ_POS_END>
			<SEQ_CURRENT>0</SEQ_CURRENT>
			<PRIORITY>1</PRIORITY>
			<DO_PRE_PROC>N</DO_PRE_PROC>
			<PRE_PROC_BP />
			<DO_XLATE>N</DO_XLATE>
			<XLATE_MAP />
			<DO_POST_PROC>Y</DO_POST_PROC>
			<POST_PROC_BP>GNW_Danska_SignFile</POST_PROC_BP>
			<ERROR_EMAIL />
			<MBX_PATH>/TIA/inbound</MBX_PATH>
			<PUSH_FILES>N</PUSH_FILES>
			<LAST_UPDATED_BY>rpatel</LAST_UPDATED_BY>
			<LAST_UPDATED_DATE>
				2007-6-20. 18.46. 5. 545000000
			</LAST_UPDATED_DATE>
		</fileConfig>
		<tracking>
			<TRACKING_ID>183</TRACKING_ID>
			<STATUS_CODE>200</STATUS_CODE>
			<FILE_CONFIG_ID>22</FILE_CONFIG_ID>
			<INBOUND_FILENAME>DNKPAYM000000000</INBOUND_FILENAME>
			<INBOUND_MSG_ID>691</INBOUND_MSG_ID>
			<INBOUND_MAILBOX>/TIA/inbound</INBOUND_MAILBOX>
			<INBOUND_DOC_ID>
				110738-ap06arac:30694d04:1139f925e3b:765d
			</INBOUND_DOC_ID>
			<OUTBOUND_FILENAME />
			<OUTBOUND_MSG_ID />
			<OUTBOUND_MAILBOX />
			<OUTBOUND_DOC_ID />
			<INBOUND_TIMESTAMP>2007-7-9.16.6. 9. 0</INBOUND_TIMESTAMP>
			<OUTBOUND_TIMESTAMP />
			<INBOUND_SEQ />
			<OUTBOUND_SEQ />
			<ERROR_CODE />
		</tracking>
	</GNW_ProcessFile>
	<DocumentId>110738-ap06arac:306 94d04:1139f925e3b:765d</DocumentId>
	<bar>foo</bar>
	<GNW_Danska_SignFile>
		<fileName>DNKPAYM000000000</fileName>
	</GNW_Danska_SignFile>
	<Prev_NotSuccess_Adv_Status>PF04</Prev_NotSuccess_Adv_Status>
	<ERROR_SERVICE>
		<WFD_NAME>GNW_Danska_SignFile</WFD_NAME>
		<SERVICE_NAME>GNW_CLA2</SERVICE_NAME>
		<STEP_ID>2</STEP_ID>
		<ADV_STATUS>Connection refused</ADV_STATUS>
		<BASIC_STATUS>1</BASIC_STATUS>
		<WFC_ID>110739-ap06bra c:65453169:113aad5d763:-109f</WFC_ID>
	</ERROR_SERVICE>
	<GNW_ThrowError>
		<ERROR_CODE>PF04</ERROR_CODE>
		<ERROR_CODE>PF01</ERROR_CODE>
	</GNW_ThrowError>
	<PrimaryDocument
		SCIObjectID="110739-ap06brac:65453169:113aad5d763:-fcd" />
</ProcessData>