<?xml version="1.0" encoding="UTF-8"?>
<!DOCTYPE hibernate-configuration PUBLIC
		"-//Hibernate/Hibernate Configuration DTD 3.0//EN"
		"http://hibernate.sourceforge.net/hibernate-configuration-3.0.dtd">
<hibernate-configuration >
	<session-factory>
		<property name="hibernate.bytecode.use_reflection_optimizer">false</property>
        
        <property name="hibernate.connection.driver_class">oracle.jdbc.OracleDriver</property>
		<property name="hibernate.connection.password">password</property>
		<property name="hibernate.connection.url">jdbc:oracle:thin:@localhost:1521:ORCL</property>
		<property name="hibernate.connection.username">GIS42</property>
		<property name="hibernate.default_schema">GIS42</property>
        
        <property name="hibernate.dialect">org.hibernate.dialect.OracleDialect</property>
		<property name="hibernate.show_sql">true</property>
		
		<mapping resource="/com/stercomm/customers/rbs/sct/ui/dtoimpl/MQTransferImpl.hbm.xml"/>
		<mapping resource="com/stercomm/customers/rbs/sct/ui/resources/queries.hbm.xml"/>
		
	</session-factory>

</hibernate-configuration>
