<?xml version="1.0" encoding="ISO-8859-1" ?>

<!DOCTYPE struts-config PUBLIC
       "-//Apache Software Foundation//DTD Struts Configuration 1.1//EN"
       "http://jakarta.apache.org/struts/dtds/struts-config_1_1.dtd">

<struts-config>
	<form-beans>
		<form-bean 	name="reportSearchForm" type="ic2.ui.struts.reports.forms.ReportSearchForm"/>
		<form-bean name="mqtransferSearchForm" type="com.stercomm.customers.rbs.sct.ui.forms.MQTransferSearchForm"/>
		<form-bean name="mqtransferSearchMonitorForm" type="com.stercomm.customers.rbs.sct.ui.forms.MQTransferMonitorForm"/>
		<form-bean name="trustedCertsHomeForm" type="com.stercomm.customers.rbs.sct.ui.forms.TrustedCertsHomeForm"/>
		<form-bean name="fileAuthHomeForm" type="com.stercomm.customers.rbs.sct.ui.forms.FileAuthHomeForm"/>
		<form-bean name="fileAuthListForm" type="com.stercomm.customers.rbs.sct.ui.forms.FileAuthHomeForm"/>
		<form-bean name="fileAuthRequestForm" type="com.stercomm.customers.rbs.sct.ui.forms.FileAuthRequestForm"/>
		<form-bean name="trustedCertsListForm" type="com.stercomm.customers.rbs.sct.ui.forms.TrustedCertsHomeForm"/>
		<form-bean name="trustedCertsForm" type="com.stercomm.customers.rbs.sct.ui.forms.TrustedCertsForm"/>
		<form-bean name="hsmPasswordForm" type="com.stercomm.customers.rbs.sct.ui.forms.HSMPasswordForm"/>
		<form-bean name="changeApproveForm" type="com.stercomm.customers.rbs.sct.ui.forms.ChangeApproveForm"/>
	</form-beans>
	
	<global-exceptions>
		<exception 
			key="exceptions.unauthorised"
			type="com.stercomm.customers.webapps.security.UnauthorizedException"
			path="/WEB-INF/errors/Unauthorized.jsp"/>
	</global-exceptions>
	
	<action-mappings>
	

		<action path="/index" parameter="action" forward="/WEB-INF/jsp/dashboard/frameset.jsp" roles="FB_UI_DASHBOARD"/>
		
		<action path="/home" parameter="action" type="com.stercomm.customers.rbs.sct.ui.actions.HomeAction" roles="FB_UI_DASHBOARD">
			<forward name="viewForm" path="/WEB-INF/jsp/home/SCT_Home.jsp"></forward>
		</action>
	
		<action path="/login"
				type="ic2.ui.struts.login.actions.LoginAction"
				name="loginForm"
				validate="false"
				scope="request"
				roles="FB_UI_DASHBOARD"
				>
			<forward name="success" path="/index.jsp"/>
			<forward name="failure" path="/dashboard/" contextRelative="true" />
		</action>
		
		<action path="/logout" parameter="action" type="com.stercomm.customers.webapps.util.struts.actions.LogoutAction" roles="FB_UI_DASHBOARD">
				<forward name="viewForm" path="/" redirect="true"/>
		</action>
		
		<action path="/reloadProperties" type="com.stercomm.customers.webapps.util.struts.actions.ReloadMessageResourcesAction" roles="FB_UI_DASHBOARD">
				<forward name="success" path="/index.do" redirect="true"/>
		</action>
		
		<!-- 
		**********************
		* Menu actions
		** -->
		<action path="/menu" parameter="action"  type="com.stercomm.customers.rbs.sct.ui.actions.MenuAction" roles="FB_UI_DASHBOARD">
			<forward name="viewForm" path="/WEB-INF/jsp/dashboard/menu.jsp"></forward>
			<forward name="home" path="/home.do?action=viewForm"></forward>
			<forward name="ic2Reports" path="/reportsHome.do?action=viewForm"></forward>
			<forward name="mqtransferSearch" path="/mqtransferSearch.do?action=viewForm"></forward>
			<forward name="trustedCertsHome" path="/trustedCertsHome.do?action=viewForm"/>
			<forward name="fileAuthHome" path="/fileAuthHome.do?action=viewForm"/>
			<forward name="hsmPassword" path="/hsmPassword.do?action=viewForm"/>
		</action>
		
		<action path="/trustedCertsHome" name="trustedCertsHomeForm" scope="request" parameter="action" type="com.stercomm.customers.rbs.sct.ui.actions.TrustedCertsHomeAction" roles="FB_UI_TRUSTED_CERTS">
			<forward name="viewForm" path="/WEB-INF/jsp/setup/FB_TrustedCerts_Home.jsp"/>
			<forward name="trustedCertNew" path="/trustedCertsNew.do?action=create"/>
			<forward name="trustedCertsResults" path="/trustedCertsList.do?action=viewForm"/>
		</action>
		
		<action path="/trustedCertsList" parameter="action" name="trustedCertsListForm" type="com.stercomm.customers.rbs.sct.ui.actions.TrustedCertsListAction" roles="FB_UI_TRUSTED_CERTS">
			<forward name="viewForm" path="/WEB-INF/jsp/setup/FB_TrustedCerts_List.jsp"/>
			<forward name="trustedCertDelete" path="/trustedCertsDelete.do?action=delete"/>
			<forward name="changeApprove" path="/changeApprove.do?action=viewForm"/>
			<forward name="trustedCertsReturn" path="/trustedCertsHome.do?action=viewForm"/>
			<forward name="noResults" path="/trustedCertsHome.do?action=viewForm"/>
			<forward name="notfound" path="/WEB-INF/jsp/errors/notfound.jsp"></forward>
		</action>
		
		<action path="/trustedCertsNew" parameter="action" type="com.stercomm.customers.rbs.sct.ui.actions.TrustedCertsLoadAction" roles="FB_UI_TRUSTED_CERTS_NEW">
			<forward name="newTrustedCert" path="/trustedCertsName.do?action=viewForm"></forward>
		</action>
		<!--<action path="/trustedCertsLoad" name="trustedCertsForm" parameter="action" type="com.stercomm.customers.rbs.sct.ui.actions.TrustedCertsLoadAction" roles="FB_UI_TRUSTED_CERTS_EDIT">
			<forward name="loadTrustedCert" path="/trustedCertsName.do?action=viewForm"></forward>
		</action>-->
		<action path="/trustedCertsDelete" name="trustedCertsForm" parameter="action" type="com.stercomm.customers.rbs.sct.ui.actions.TrustedCertsLoadAction" roles="FB_UI_TRUSTED_CERTS_DELETE">
			<forward name="deleteTrustedCert" path="/trustedCertsDetails.do?action=viewForm"></forward>
			<forward name="notfound" path="/WEB-INF/jsp/errors/notfound.jsp"></forward>
		</action>
		
		<action path="/trustedCertsName" name="trustedCertsForm" parameter="action" type="com.stercomm.customers.rbs.sct.ui.actions.TrustedCertsNameAction" roles="FB_UI_TRUSTED_CERTS_NEW,FB_UI_TRUSTED_CERTS_EDIT,FB_UI_TRUSTED_CERTS_DELETE">
			<forward name="viewForm" path="/WEB-INF/jsp/setup/FB_TrustedCerts_Name.jsp"/>
			<forward name="next" path="/trustedCertsDetails.do?action=viewForm"/>
			<forward name="cancel" path="/trustedCertsHome.do?action=viewForm"/>
			<forward name="save" path="/trustedCertsConfirm.do?action=viewForm"/>
			
			<forward name="trustedCertsName" path="/trustedCertsName.do?action=viewForm"/>		
			<forward name="trustedCertsDetails" path="/trustedCertsDetails.do?action=viewForm"/>
			<forward name="trustedCertsConfirm" path="/trustedCertsConfirm.do?action=viewForm"/>
		</action>
		
		
		<action path="/trustedCertsDetails" name="trustedCertsForm" parameter="action" type="com.stercomm.customers.rbs.sct.ui.actions.TrustedCertsDetailsAction" roles="FB_UI_TRUSTED_CERTS_NEW,FB_UI_TRUSTED_CERTS_EDIT,FB_UI_TRUSTED_CERTS_DELETE">
			<forward name="viewForm" path="/WEB-INF/jsp/setup/FB_TrustedCerts_Details.jsp"/>
			<forward name="back" path="/trustedCertsName.do?action=viewForm"/>
			<forward name="next" path="/trustedCertsConfirm.do?action=viewForm"/>
			<forward name="cancel" path="/trustedCertsHome.do?action=viewForm"/>
			<forward name="save" path="/trustedCertsConfirm.do?action=viewForm"/>
			
			<forward name="trustedCertsName" path="/trustedCertsName.do?action=viewForm"/>		
			<forward name="trustedCertsDetails" path="/trustedCertsDetails.do?action=viewForm"/>
			<forward name="trustedCertsConfirm" path="/trustedCertsConfirm.do?action=viewForm"/>
		</action>
		
		
		<action path="/trustedCertsConfirm" name="trustedCertsForm" parameter="action" type="com.stercomm.customers.rbs.sct.ui.actions.TrustedCertsConfirmAction" roles="FB_UI_TRUSTED_CERTS_NEW,FB_UI_TRUSTED_CERTS_EDIT,FB_UI_TRUSTED_CERTS_DELETE">
			<forward name="viewForm" path="/WEB-INF/jsp/setup/FB_TrustedCerts_Confirm.jsp"/>
			<forward name="back" path="/trustedCertsDetails.do?action=viewForm"/>
			<!--<forward name="next" path="/trustedCertsConfirm.do?action=viewForm"/>-->
			<forward name="cancel" path="/trustedCertsHome.do?action=viewForm"/>
			<forward name="finish" path="/trustedCertsReturn.do?action=viewForm&amp;state=ok"/>
			<forward name="error" path="/trustedCertsReturn.do?action=viewForm&amp;state=nok"/>
			<forward name="trustedCertsName" path="/trustedCertsName.do?action=viewForm"/>		
			<forward name="trustedCertsDetails" path="/trustedCertsDetails.do?action=viewForm"/>
			<!--<forward name="trustedCertsConfirm" path="/trustedCertsConfirm.do?action=viewForm"/>-->
		</action>
		
		<action path="/trustedCertsReturn" name="trustedCertsForm" parameter="action" type="com.stercomm.customers.rbs.sct.ui.actions.TrustedCertsReturnAction" roles="FB_UI_TRUSTED_CERTS_NEW,FB_UI_TRUSTED_CERTS_EDIT,FB_UI_TRUSTED_CERTS_DELETE">
			<forward name="viewForm" path="/WEB-INF/jsp/setup/FB_TrustedCerts_Finish.jsp"/>
			<forward name="viewError" path="/WEB-INF/jsp/setup/FB_TrustedCerts_Error.jsp"/>
			<forward name="returnNew" path="/trustedCertsHome.do?action=viewForm"/>
			<forward name="returnEdit" path="/trustedCertsList.do?action=viewForm"/>
		</action>
		
		
		<action path="/trustedCertsView" parameter="action" type="com.stercomm.customers.rbs.sct.ui.actions.TrustedCertsViewAction" roles="FB_UI_TRUSTED_CERTS">
			<forward name="viewForm" path="/WEB-INF/jsp/setup/FB_TrustedCerts_View.jsp"></forward>
			<forward name="notfound" path="/WEB-INF/jsp/errors/notfound.jsp"></forward>
		</action>
		
		<action path="/changeView" parameter="action" type="com.stercomm.customers.rbs.sct.ui.actions.ChangeViewAction" roles="FB_UI_CHANGE_VIEWER">
			<forward name="viewForm" path="/WEB-INF/jsp/setup/FB_Change_View.jsp"></forward>
			<forward name="notfound" path="/WEB-INF/jsp/errors/notfound.jsp"></forward>
		</action>
		
		<action path="/changeApprove" name="changeApproveForm" scope="request" parameter="action" type="com.stercomm.customers.rbs.sct.ui.actions.ChangeApproveAction" roles="FB_UI_CHANGE_APPROVER">
			<forward name="viewForm" path="/WEB-INF/jsp/setup/FB_Change_Approve.jsp"></forward>
			<forward name="notfound" path="/WEB-INF/jsp/errors/notfound.jsp"></forward>
			<!--<forward name="approve" path="/changeApprove.do?action=approve"/>
			<forward name="reject" path="/changeApprove.do?action=reject"/>-->
			<forward name="cancelCerts" path="/trustedCertsList.do?action=viewForm"/>
			<forward name="cancel" path="/home"/>
			<forward name="finish" path="/WEB-INF/jsp/setup/FB_Change_Finish.jsp"/>
		</action>

		<action path="/hsmPassword" name="hsmPasswordForm" scope="request" parameter="action" type="com.stercomm.customers.rbs.sct.ui.actions.HSMPasswordAction" roles="FB_UI_HSM_PASSWORD">
			<forward name="viewForm" path="/WEB-INF/jsp/setup/FB_HSMPassword.jsp"/>
			<forward name="update" path="/hsmPassword.do?action=update"/>
			<forward name="success" path="/WEB-INF/jsp/setup/FB_HSMPassword_Update.jsp"/>
		</action>
		
		<action path="/fileAuthHome" name="fileAuthHomeForm" scope="request" parameter="action" type="com.stercomm.customers.rbs.sct.ui.actions.FileAuthHomeAction" roles="FB_UI_FILEAUTH">
			<forward name="viewForm" path="/WEB-INF/jsp/auth/FB_FileAuth_Home.jsp"/>
			<forward name="fileAuthResults" path="/fileAuthList.do?action=viewForm"/>
		</action>
		
		<action path="/fileAuthList" name="fileAuthListForm" scope="request" parameter="action" type="com.stercomm.customers.rbs.sct.ui.actions.FileAuthListAction" roles="FB_UI_DASHBOARD">
			<forward name="viewForm" path="/WEB-INF/jsp/auth/FB_FileAuth_List.jsp"/>
			<forward name="noResults" path="/fileAuthHome.do?action=viewForm"/>
			<forward name="error" path="/WEB-INF/jsp/auth/FB_FileAuth_Error.jsp"/>
			<forward name="fileAuthReturn" path="/fileAuthHome.do?action=viewForm"/>
		</action>
		
		<action path="/fileAuthRequestLoad" name="fileAuthRequestForm" scope="request" parameter="action" type="com.stercomm.customers.rbs.sct.ui.actions.FileAuthRequestLoadAction" roles="FB_UI_DASHBOARD">
			<forward name="createRequest" path="/fileAuthRequestCreate.do?action=viewForm"></forward>
			<forward name="approveRequest" path="/fileAuthRequestApprove.do?action=viewForm"></forward>
			<forward name="executeRequest" path="/fileAuthRequestExecute.do?action=viewForm"></forward>
			<forward name="error" path="/WEB-INF/jsp/auth/FB_FileAuth_Error.jsp"/>
		</action>
		
		<action path="/fileAuthRequestView" name="fileAuthRequestForm" scope="request" parameter="action" type="com.stercomm.customers.rbs.sct.ui.actions.FileAuthRequestViewAction" roles="FB_UI_DASHBOARD">
			<forward name="viewForm" path="/WEB-INF/jsp/auth/FB_FileAuth_View.jsp"/>
			<forward name="error" path="/WEB-INF/jsp/auth/FB_FileAuth_Error.jsp"/>
		</action>
		
		<action path="/fileAuthRequestCreate" name="fileAuthRequestForm" scope="request" parameter="action" type="com.stercomm.customers.rbs.sct.ui.actions.FileAuthRequestCreateAction" roles="FB_UI_DASHBOARD">
			<forward name="viewForm" path="/WEB-INF/jsp/auth/FB_FileAuth_Create.jsp"/>
			<forward name="save" path="/fileAuthRequestSubmit.do?action=create"/>
			<forward name="cancel" path="/fileAuthList.do?action=viewForm"/>
		</action>
		
		<action path="/fileAuthRequestApprove" name="fileAuthRequestForm" scope="request" parameter="action" type="com.stercomm.customers.rbs.sct.ui.actions.FileAuthRequestApproveAction" roles="FB_UI_DASHBOARD">
			<forward name="viewForm" path="/WEB-INF/jsp/auth/FB_FileAuth_Approve.jsp"/>
			<forward name="approve" path="/fileAuthRequestSubmit.do?action=approve"/>
			<forward name="reject" path="/fileAuthRequestSubmit.do?action=reject"/>
			<forward name="cancel" path="/fileAuthList.do?action=viewForm"/>
		</action>
		
		<action path="/fileAuthRequestExecute" name="fileAuthRequestForm" scope="request" parameter="action" type="com.stercomm.customers.rbs.sct.ui.actions.FileAuthRequestExecuteAction" roles="FB_UI_DASHBOARD">
			<forward name="viewForm" path="/WEB-INF/jsp/auth/FB_FileAuth_Execute.jsp"/>
			<forward name="complete" path="/fileAuthRequestSubmit.do?action=complete"/>
			<forward name="cancel" path="/fileAuthList.do?action=viewForm"/>
		</action>
		
		<action path="/fileAuthRequestSubmit" name="fileAuthRequestForm" scope="request" parameter="action" type="com.stercomm.customers.rbs.sct.ui.actions.FileAuthRequestSubmitAction" roles="FB_UI_DASHBOARD">
			<forward name="created" path="/fileAuthRequestSubmit.do?action=viewForm"/>
			<forward name="approved" path="/fileAuthRequestSubmit.do?action=viewForm"/>
			<forward name="rejected" path="/fileAuthRequestSubmit.do?action=viewForm"/>
			<forward name="completed" path="/fileAuthRequestSubmit.do?action=viewForm"/>
			<forward name="viewForm" path="/WEB-INF/jsp/auth/FB_FileAuth_Submit.jsp"/>
			<forward name="error" path="/WEB-INF/jsp/auth/FB_FileAuth_Error.jsp"/>
			<forward name="cancel" path="/fileAuthList.do?action=viewForm"/>
		</action>
		
		<action path="/fgFileView" parameter="action" type="com.stercomm.customers.rbs.sct.ui.actions.FGFileViewAction" roles="FB_UI_DASHBOARD">
			<forward name="viewForm" path="/WEB-INF/jsp/auth/FB_FGFile_View.jsp"></forward>
		</action>
		
		<action path="/snapshot_Templates_DS" parameter="action" type="com.stercomm.customers.rbs.sct.ui.actions.SnapshotTemplatesDSAction" roles="FB_UI_DASHBOARD">
			<forward name="viewForm" path="/WEB-INF/jsp/auth/FB_FGFile_View.jsp"></forward>
		</action>

		<action 
			path="/reportsHome"
			type="ic2.ui.struts.reports.actions.ReportsHomeAction" 
			name="reportSearchForm"
			validate="false" 
			parameter="homesDispatch" 
			scope="request"
			roles="FB_UI_DASHBOARD">
			<forward name="viewForm" path="/WEB-INF/jsp/sctReports/REPORTS_HOME.jsp"  />
		</action>
		<action 
			path="/reportsRun"
			type="ic2.ui.struts.reports.actions.ReportsRunAction" 
			name="reportSearchForm"
			validate="false" 
			parameter="reportDispatch" 
			scope="request"
			roles="FB_UI_DASHBOARD">
			<!-- generated report should be output directly to the Response Object as a data stream (same as tracking export) -->
			<forward name="wait" path="/WEB-INF/jsp/sctReports/REPORTS_RUN.jsp"  />
<!--			<forward name="success" path="/bpSuccess.jsp"  />-->
			<forward name="failure" path="/reportsHome.do"  />
			<forward name="viewReport" path="/ic2Report.xls" redirect="true"/>
		</action>
		
		<action path="/mqtransferSearch" scope="request" name="mqtransferSearchForm" parameter="action" type="com.stercomm.customers.rbs.sct.ui.actions.MQTransferSearchAction" roles="FB_UI_MQTRANSFER_SEARCH">
			<forward name="viewForm" path="/WEB-INF/jsp/tracking/FB_MQTransferSearch.jsp"></forward>
			<forward name="viewResults" path="/mqtransferSearchMonitor.do?action=viewForm&amp;page=1"></forward>
			<forward name="noResults" path="/mqtransferSearch.do?action=viewForm"/>
		</action>
		<action path="/mqtransferSearchMonitor" parameter="action" name="mqtransferSearchMonitorForm" type="com.stercomm.customers.rbs.sct.ui.actions.MQTransferSearchMonitorAction" roles="FB_UI_MQTRANSFER_SEARCH">
			<forward name="viewResults" path="/WEB-INF/jsp/tracking/FB_MQTransferSearchMonitor.jsp"></forward>
			<forward name="noResults" path="/mqtransferSearch.do?action=viewForm"/>
		</action>
 	</action-mappings>

	  
	<controller processorClass="com.stercomm.customers.webapps.security.struts.SecureRequestProcessor">
	</controller>
	
	<message-resources parameter="com.stercomm.customers.rbs.sct.ui.resources.MessageResources" factory="com.stercomm.customers.webapps.util.struts.ReloadablePropertyMessageResourcesFactory" null="false"/>
 	<message-resources parameter="ic2.ui.resources.ValidationRules" key="validationRules" factory="com.stercomm.customers.webapps.util.struts.ReloadablePropertyMessageResourcesFactory"/>
 	<message-resources parameter="com.stercomm.customers.rbs.sct.ui.resources.HibernateSearchQueries" key="hibernateSearchQueries" factory="com.stercomm.customers.webapps.util.struts.ReloadablePropertyMessageResourcesFactory"/>
 	
	<plug-in className="org.apache.struts.validator.ValidatorPlugIn">
		<set-property property="pathnames" value="/WEB-INF/validation.xml"/>
		<set-property property="stopOnFirstError" value="false"/>
	</plug-in>
	
</struts-config>