<project name="Database Generator">
	<property file="build.properties">
	</property>

	<path id="master-classpath">
		<fileset dir="${web.dir}/lib">
			<include name="*.jar" />
		</fileset>
		<!-- We need the servlet API classes:        -->
		<!--   for Tomcat 4.1 use servlet.jar        -->
		<!--   for Tomcat 5.0 use servlet-api.jar    -->
		<!--   for Other app server - check the docs -->
		<fileset dir="${appserver.home}/noapp/lib">
			<include name="servlet*.jar" />
		</fileset>
		<fileset dir="C:/jdbc/mssql">
			<include name="*.jar" />
		</fileset>

		<pathelement path="${build.dir}" />
	</path>
	<!--
<target name="createTables" depends="">
        <echo message="CREATE TABLES USING: ${db.driver} ${db.url}"/>
        <sql driver="${db.driver}"
             url="${db.url}"
             userid="${db.user}"
             password="${db.pw}"
             onerror="continue">  
            <classpath refid="master-classpath"/>

        CREATE TABLE products (
          id INTEGER NOT NULL PRIMARY KEY,
          description varchar(255),
          price decimal(15,2)
        );
        CREATE INDEX products_description ON products(description);

        </sql> 
    </target>

    <target name="dropTables" depends="clearData">
        <echo message="DROP TABLES USING: ${db.driver} ${db.url}"/>
        <sql driver="${db.driver}"
             url="${db.url}"
             userid="${db.user}"
             password="${db.pw}"
             onerror="continue">  
            <classpath refid="master-classpath"/>

        DROP TABLE products;

        </sql> 
    </target>

    <target name="loadData" depends="createTables">
        <echo message="LOAD DATA USING: ${db.driver} ${db.url}"/>
        <sql driver="${db.driver}"
             url="${db.url}"
             userid="${db.user}"
             password="${db.pw}"
             onerror="continue">  
            <classpath refid="master-classpath"/>

        INSERT INTO products (id, description, price) values(1, 'Lamp', 5.78);
        INSERT INTO products (id, description, price) values(2, 'Table', 75.29);
        INSERT INTO products (id, description, price) values(3, 'Chair', 22.81);
        COMMIT;
        SHUTDOWN

        </sql> 
    </target>
-->
	<target name="printData" depends="">
		<echo message="PRINT DATA USING: ${db.driver} ${db.url}"/>
		<sql driver="${db.driver}"
             url="${db.url}"
             userid="${db.user}"
             password="${db.pw}"
             onerror="continue"
             print="true"
        	 >
			<classpath refid="master-classpath"/>

        SELECT * FROM Tracking_SourceFile;

        </sql>
	</target>

	<target name="clearData">
		<echo message="CLEAR DATA USING: ${db.driver} ${db.url}"/>
		<sql driver="${db.driver}"
             url="${db.url}"
             userid="${db.user}"
             password="${db.pw}"
             onerror="continue">

			<classpath refid="master-classpath"/>

        DELETE FROM products;

        </sql>
	</target>


	<!--<target name="reset_db" depends="dropTables,loadData"></target>-->
</project>