<?xml version="1.0" encoding="UTF-8"?>
<project default="_packaging_generation_" name="RBS_Packaging Generator">
	<property file="build.properties" />
	<fileset dir="${appserver.home}" id="externl_jars">
	    <include name="include"/>
	    <exclude name="exclude"/>
	</fileset>
	<property name="build_root" location="../"/>
	<property name="dist_dir" location="C:/SI52/install/container/Applications/"/>


	<target name="_packaging_generation_" depends="N10004" />
	<target name="N10004" description="">
		<jar destfile="${dist_dir}/${dist.war.filename}"  >
			<manifest id="META-INF/MANIFEST.MF" >
				<!--<attribute name="Author" value="Ravi K Patel"/>-->
			</manifest>
			<zipfileset dir="${build_root}/conf" prefix="WEB-INF" includes="**/*.xml"/>
			<zipfileset dir="${build_root}/bin" prefix="WEB-INF/classes" includes="**/*.class,**/*.xml,**/*.properties" />
			<zipfileset dir="${build_root}/src" prefix="WEB-INF/src" includes="**/*"/>
			<zipfileset dir="${build_root}/generated_src" prefix="WEB-INF/generated_src" includes="**/*"/>
			<!-- jsp -->
			<!--
			<zipfileset dir="${build_root}/jsp_spring" prefix="WEB-INF/jsp" includes="**/*.jsp"/>
			-->
			<zipfileset dir="${build_root}/jsp_root" prefix="" includes="**/*.jsp"/>
			<zipfileset dir="${build_root}/jsp_root" prefix="" includes="**/*.htm"/>
			<zipfileset dir="${build_root}/jsp" prefix="WEB-INF/jsp" includes="**/*.jsp"/>
			
			<zipfileset dir="${build_root}/lib" prefix="WEB-INF/lib" includes="**/*.jar"/>
			<zipfileset dir="${build_root}/tld" prefix="WEB-INF/tld" includes="**/*.tld"/>
			<zipfileset dir="${build_root}/server_resources/bundle" prefix="WEB-INF/classes" includes="**/*.properties"/>
			<zipfileset dir="${build_root}/resources/images" prefix="resources/images" includes="**/*.gif"/>
			<zipfileset dir="${build_root}/resources/css" prefix="resources/css" includes="**/*.css"/>
			<zipfileset dir="${build_root}/resources/js" prefix="resources/js" includes="**/*.js"/>
			<!-- next one is for SI .js file ... hsould be moved to the js dir -->
			<zipfileset dir="${build_root}/resources/scripts" prefix="resources/scripts" includes="**/*.js"/>
		</jar>
	</target>
</project>
