<?xml version="1.0" encoding="UTF-8"?>
<project  name="RBS-XDoclet Generator" default="fixHibernateDTD">
	<property file="xdoclet-build.properties" />
	<property file="build.properties" />

	<property name="build_root" location="../" />
	<property name="xdoclet.basedir" location="C:/Program Files/xdoclet/xdoclet-1.2.3" />
	<property name="build.hibernate.dir" location="../generated_src">
	</property>


	<path id="project.classpath">
		<pathelement location="WEB-INF/classes" />

		<!-- spring doclet -->
		<pathelement location="C:/Program Files/xdoclet/xdoclet-1.2.3/xdoclet-spring-module-1.2.3.jar" />

	</path>
	<path id="xdoclet.classpath">
		<path refid="project.classpath" />
		<fileset dir="${xdoclet.basedir}">
			<include name="*.jar" />
			<exclude name="xdoclet-module-jboss-net-*.jar" />
		</fileset>
		<fileset dir="${xdoclet.basedir}">
			<include name="xdoclet-module-jboss-net-${jboss.net.version}*.jar" />
		</fileset>
		<fileset dir="${appserver.home}/noapp/lib">
			<include name="javax.servlet.jar"/>
		</fileset>
		<fileset dir="${xdoclet.basedir}/lib">
			<include name="*.jar" />
		</fileset>
	</path>
	<target name="_xdoclet_generation_" depends="fixHibernateDTD" />

	<target name="fixHibernateDTD" depends="hibernate_beanGeneration">
		<replace dir="${build.hibernate.dir}" value="&lt;hibernate-mapping default-lazy=&quot;false&quot;&gt;">
			<include name="**/*.hbm.xml"/>
			<replacetoken>
				<![CDATA[<hibernate-mapping>]]></replacetoken>
		</replace>
		<replace dir="${build.hibernate.dir}" value="Hibernate Mapping DTD 3.0">
			<include name="**/*.hbm.xml"/>
			<replacetoken>Hibernate Mapping DTD 2.0</replacetoken>
		</replace>
		<replace dir="${build.hibernate.dir}" value="hibernate-mapping-3.0.dtd">
			<include name="**/*.hbm.xml"/>
			<replacetoken>hibernate-mapping-2.0.dtd</replacetoken>
		</replace>
	</target>

	<target name="hibernate_beanGeneration" description="hibernate"  depends="clean_hibernate">
		<taskdef classpathref="xdoclet.classpath"  classname="xdoclet.modules.hibernate.HibernateDocletTask" name="hibernatedoclet" />

		<hibernatedoclet mergeDir="${build_root}/xdoclet_merge" excludedTags="@version,@author,@todo,@see"  destDir="${build_root}/generated_src" addedTags="@xdoclet-generated at ${TODAY},@copyright The XDoclet Team,@author XDoclet,@version ${version}">
			<fileset dir="${build_root}/src" includes="**/*.java" >
			</fileset>
			<hibernate Version="2.0">
			</hibernate>
		</hibernatedoclet>
	</target>

	<!--

	<target name="springDoc" description="spring">
		<taskdef classpathref="xdoclet.classpath" classname="xdoclet.modules.spring.SpringDocletTask" name="springdoclet" />
		<springdoclet excludedTags="@version,@author,@todo,@see" destDir="${build_root}/conf" mergeDir="${build_root}/xdoclet_merge" addedTags="@xdoclet-generated at ${TODAY},@copyright The XDoclet Team,@author XDoclet,@version ${version}">
			<fileset dir="${build_root}/src" includes="**/*.java">
			</fileset>
			<springxml destinationFile="springapp-servlet.xml">

			</springxml>

		</springdoclet>

	</target>

 -->

	<target name="webTask" >
	<taskdef name="webdoclet" classname="xdoclet.modules.web.WebDocletTask" classpathref="xdoclet.classpath">

		</taskdef>
	<webdoclet destdir="${build_root}/conf" mergeDir="${build_root}/xdoclet_merge" excludedtags="@version,@author" verbose="true">
		<fileset dir="${build_root}/src" includes="**/*.java">
		</fileset>
		
		
			<deploymentdescriptor validatexml="true" servletspec="2.3" sessiontimeout="60" destdir="${build_root}/conf" distributable="false">
			</deploymentdescriptor>
		
		
			<strutsconfigxml validatexml="true" version="1.1"/>
			<strutsvalidationxml />
		</webdoclet>
	</target>
	
	
	<target name="clean_hibernate">
		<delete>
			<fileset refid="hibernate_hbm" />
		</delete>

	</target>

	<fileset dir="${build_root}/generated_src" id="hibernate_hbm">
		<include name="**/*.hbm.xml"/>
	</fileset>

</project>
