<?xml version="1.0" encoding="UTF-8"?>
<!DOCTYPE hibernate-mapping PUBLIC "-//Hibernate/Hibernate Mapping DTD 3.0//EN" 
    "http://hibernate.sourceforge.net/hibernate-mapping-3.0.dtd">
<hibernate-mapping>
	<class name="com.stercomm.customers.rbs.sct.ui.dtoimpl.MQTransferImpl" table="FB_MQ_TRANSFER">
		<id name="correlationid" column="correlation_Id" type="java.lang.String"/>
		<id name="producer" column="producer" type="java.lang.String"/>
		<id name="consumer" column="consumer" type="java.lang.String"/>
		<property name="filename" type="java.lang.String" update="true" insert="true" column="filename"/>
		<property name="expires" type="java.util.Date" update="true" insert="true" column="expires"/>
		<property name="status" type="java.lang.Integer" update="true" insert="true" column="status"/>
		<property name="alerted" type="java.lang.Boolean" update="true" insert="true" column="alerted"/>
		<property name="archived" type="java.lang.Boolean" update="true" insert="true" column="archived"/>
		<property name="metawfid" type="java.lang.Integer" update="true" insert="true" column="meta_wfid"/>
		<property name="ackwfid" type="java.lang.Integer" update="true" insert="true" column="ack_wfid"/>
		<property name="filewfid" type="java.lang.Integer" update="true" insert="true" column="file_wfid"/>
		<property name="docId" type="java.lang.String" update="true" insert="true" column="doc_id"/>
		<property name="dataflowid" type="java.lang.Integer" update="true" insert="true" column="dataflow_id"/>
		<property name="created" type="java.util.Date" update="true" insert="true" column="created"/>
		<property name="lastmodified" type="java.util.Date" update="true" insert="true" column="last_modified"/>
		<property name="deliverykey" type="java.lang.String" update="true" insert="true" column="delivery_key"/>
	</class>
</hibernate-mapping>
