<?xml version="1.0" encoding="UTF-8"?>

<!DOCTYPE hibernate-mapping PUBLIC
    "-//Hibernate/Hibernate Mapping DTD 3.0//EN" 
    "http://hibernate.sourceforge.net/hibernate-mapping-3.0.dtd">

<hibernate-mapping>
	<query name="dao.entity.list" >from EntityImpl ent where ent.deleted=0</query>
	<query name="dao.entity.list.ByService.SCT" >from EntityImpl ent where ent.service=&apos;SCT&apos; and ent.deleted=0</query>
	<query name="dao.entity.list.ByService" >from EntityImpl ent where upper(ent.service)=upper(:service) and ent.deleted=0</query>
	<query name="dao.entity.list.size" >select count (*) from EntityImpl ent where ent.deleted=0</query>
	<query name="dao.entity.list.byEntityName" >from EntityImpl ent where upper(ent.entity) like upper(:entityName) and ent.deleted=0 order by ent.entity</query>
	<query name="dao.entity.list.size.byEntityName" >select count (*) from EntityImpl ent where upper(ent.entity) like upper(:entityName) and ent.deleted=0</query>
	
	<query name="dao.bundle.list" >from BundleImpl bun</query>
	<query name="dao.bundle.list.size" > select count (*) from BundleImpl bun</query>
	<query name="dao.bundle.list.fileMonitor" >from BundleImpl bun where bun.outbound in (0,1) order by bun.BTimestamp desc, bun.bundleId desc</query>
	<query name="dao.bundle.list.fileMonitor.size" >select count (*) from BundleImpl bun where bun.outbound in (0,1)</query>
	<query name="dao.bundle.error.list" >from BundleImpl bun where bun.status &lt; 0 and bun.outbound in (0,1) order by bun.BTimestamp desc, bun.bundleId desc</query>
	<query name="dao.bundle.error.list.size" >select count (*) from BundleImpl bun where bun.status &lt; 0 and bun.outbound in (0,1)  </query>
	

	
	<query name="dao.bundle.byId" >from BundleImpl bun where bun.bundleId=:bundleId</query>
	
	<query name="dao.bundle.setOverrideDuplicates">update BundleImpl bun set bun.override=:overrideValue where bun.bundleId=:bundleId</query>
	
	
	<query name="dao.schedule.byId" >from ScheduleImpl sched where sched.scheduleId=:scheduleId</query>
	
	
	
	
	
	<query name="dao.payment.byId" >from com.stercomm.customers.rbs.sct.ui.dto.Payment pay where pay.paymentId=:paymentId</query>
	
	<query name="dao.paymentCurrent.byId" >from PaymentCurrentImpl pay where pay.paymentId=:paymentId</query>
	<query name="dao.paymentArchive.byId" >from PaymentArchiveImpl pay where pay.paymentId=:paymentId</query>
	
	<query name="dao.paymentAll.list" >from PaymentImpl pay</query>
	<query name="dao.paymentAll.list.size" >select count (*) from PaymentImpl pay</query>
	
	<!-- <sql-query name="dao.paymentAll.list" >
		<return alias="pay" class="com.stercomm.customers.rbs.sct.ui.dtoimpl.PaymentImpl"/>
		select	pay.PAYMENT_ID as {pay.paymentId},
				pay.MESSAGE_ID as {pay.messageId},
				
				pay.TYPE as {pay.type},
				pay.REFERENCE as {pay.reference},
				pay.TRANSACTION_ID as {pay.transactionId},
				pay.SETTLE_DATE as {pay.settleDate},
				pay.SETTLE_AMT as {pay.settleAmt},
				
				pay.PTIMESTAMP as {pay.PTimestamp},
				pay.STATUS as {pay.status},
				pay.ISOUTBOUND as {pay.outbound}

		FROM	(
					(select * from SCT_PAYMENT currP)
				UNION
					(select * from SCT_PAYMENT_ARCHIVE arcP)
				) pay
				order by pay.PAYMENT_ID desc
		</sql-query>-->
	 
	<!-- 
	
	<sql-query name="dao.paymentAll.list.size">
	    <return-scalar column="paymentCount" type="integer"/>
	    SELECT 	(SELECT count(*) FROM SCT_PAYMENT pay )+
	    		(SELECT count(*) FROM SCT_PAYMENT_ARCHIVE payarc )
	    		AS paymentCount
	    FROM	DUAL
	</sql-query>
	 -->
	<!--<query name="dao.paymentAll.list.byBundleId" >from PaymentImpl pay where pay.bundle.bundleId=:bundleId</query>-->
	<query name="dao.paymentAll.list.byBundleId">from PaymentImpl pay where pay.bundle.bundleId=:bundleId order by pay.paymentId desc</query>
	<query name="dao.paymentAll.list.byBundleId.size">select count(*) from PaymentImpl pay where pay.bundle.bundleId=:bundleId</query>
	
	
	<!-- <sql-query name="dao.paymentAll.list.byBundleId" >
		<return alias="pay" class="com.stercomm.customers.rbs.sct.ui.dtoimpl.PaymentImpl"/>
		select	pay.PAYMENT_ID as {pay.paymentId},
				pay.MESSAGE_ID as {pay.messageId},
				
				pay.TYPE as {pay.type},
				pay.REFERENCE as {pay.reference},
				pay.TRANSACTION_ID as {pay.transactionId},
				pay.SETTLE_DATE as {pay.settleDate},
				pay.SETTLE_AMT as {pay.settleAmt},
				
				pay.PTIMESTAMP as {pay.PTimestamp},
				pay.STATUS as {pay.status},
				pay.ISOUTBOUND as {pay.outbound}
		
		FROM	(
					(select * from SCT_PAYMENT currP where currP.BUNDLE_ID=:bundleId)
				UNION
					(select * from SCT_PAYMENT_ARCHIVE arcP where arcP.BUNDLE_ID=:bundleId)
				) pay
				order by pay.PAYMENT_ID desc
	</sql-query>-->
		
	<!-- This needs to be calculated via code (by adding current+archive payment count), so that the correct search parameters can be added at runtime-->
	<!-- <sql-query name="dao.paymentAll.list.byBundleId.size">
	    <return-scalar column="paymentCount" type="integer"/>
	    SELECT 	(SELECT count(*) FROM SCT_PAYMENT pay where pay.bundleId=:bundleId)+
	    		(SELECT count(*) FROM SCT_PAYMENT_ARCHIVE payarc where pay.bundleId=:bundleId )
	    		AS paymentCount
	    FROM	DUAL
	</sql-query>-->
	
	<query name="dao.paymentArchive.list" >from PaymentArchiveImpl pay</query>
	<query name="dao.paymentArchive.list.size" >select count(*) from PaymentArchiveImpl pay</query>
	<query name="dao.paymentCurrent.list" >from PaymentCurrentImpl pay</query>
	<query name="dao.paymentCurrent.list.size" >select count(*) from PaymentCurrentImpl pay</query>
	
	<query name="dao.paymentArchive.list.byBundleId" >from PaymentArchiveImpl pay where pay.bundle.bundleId=:bundleId</query>
	<query name="dao.paymentArchive.list.byBundleId.size" >select count(*) from PaymentArchiveImpl pay where pay.bundle.bundleId=:bundleId</query>
	<query name="dao.paymentCurrent.list.byBundleId" >from PaymentCurrentImpl pay where pay.bundle.bundleId=:bundleId</query>
	<query name="dao.paymentCurrent.list.byBundleId.size" >select count(*) from PaymentCurrentImpl pay where pay.bundle.bundleId=:bundleId</query>
	

	
	
	<!--  <sql-query name="home.sct.transactionErrors">
	   <return-scalar column="transCount" type="integer"/>
	    SELECT count(*) AS transCount
	    FROM SCT_PAYMENT pay where pay.STATUS &lt; 0 AND BUNDLE_ID IN (SELECT BUNDLE_ID FROM SCT_BUNDLE WHERE SERVICE=&apos;SCT&apos;)
	</sql-query>-->
	<sql-query name="home.sct.transactionErrors">
	   <return-scalar column="transCount" type="integer"/>
	    SELECT count(*) AS transCount
	    FROM SCT_PAYMENT pay where pay.STATUS &lt; 0 AND MESSAGE_ID&gt;0
	</sql-query>
	
	<sql-query name="home.sct.fileErrors">
	    <return-scalar column="bundleCount" type="integer"/>
	    SELECT count(*) AS bundleCount
	    FROM SCT_BUNDLE bun where bun.STATUS &lt; 0 AND SERVICE=&apos;SCT&apos;
	</sql-query>
	
	<sql-query name="home.gpl.fileErrors">
	    <return-scalar column="bundleCount" type="integer"/>
	    SELECT count(*) AS bundleCount
	    FROM SCT_BUNDLE bun where bun.STATUS &lt; 0 AND SERVICE=&apos;GPL&apos;
	</sql-query>
	
	<sql-query name="home.trd.fileErrors">
	    <return-scalar column="bundleCount" type="integer"/>
	    SELECT count(*) AS bundleCount
	    FROM SCT_BUNDLE bun where bun.STATUS &lt; 0 AND SERVICE=&apos;TRD&apos;
	</sql-query>
	
	<sql-query name="home.roi.fileErrors">
	    <return-scalar column="bundleCount" type="integer"/>
	    SELECT count(*) AS bundleCount
	    FROM SCT_BUNDLE bun where bun.STATUS &lt; 0 AND SERVICE=&apos;ROI&apos;
	</sql-query>
	
	<sql-query name="home.sdd.fileErrors">
	    <return-scalar column="bundleCount" type="integer"/>
	    SELECT count(*) AS bundleCount
	    FROM SCT_BUNDLE bun where bun.STATUS &lt; 0 AND SERVICE=&apos;SDD&apos;
	</sql-query>
	
	<sql-query name="home.systemErrors">
	    <return-scalar column="FATAL_ERROR" type="integer"/>
	SELECT ( SELECT COUNT(*) FROM WORKFLOW_CONTEXT WFC_MAIN_1 WHERE ACTIVITYINFO_ID = 0 AND STEP_ID = 0 AND WORKFLOW_ID IN (SELECT WF_ID FROM 

ARCHIVE_INFO WHERE ARCHIVE_FLAG=-1 ) AND 1=( SELECT MAX( CASE WHEN BASIC_STATUS = 1 THEN 1 WHEN BASIC_STATUS = 10001 THEN 1 WHEN BASIC_STATUS = 200 THEN 1 

WHEN BASIC_STATUS = 10200 THEN 1 WHEN BASIC_STATUS = 100 THEN 1 WHEN BASIC_STATUS = 10100 THEN 1 WHEN BASIC_STATUS = 300 THEN 1 WHEN BASIC_STATUS = 10300 

THEN 1 WHEN BASIC_STATUS = 450 THEN 1 WHEN BASIC_STATUS = 10450 THEN 1 WHEN BASIC_STATUS = 400 THEN 1 WHEN BASIC_STATUS = 10400 THEN 1 WHEN BASIC_STATUS = 

2 THEN 1 WHEN BASIC_STATUS = 10002 THEN 1 ELSE 0 END ) FROM WORKFLOW_CONTEXT WFC_STATUS_1 WHERE WFC_STATUS_1.WORKFLOW_ID = WFC_MAIN_1.WORKFLOW_ID) 

) AS FATAL_ERROR FROM DUAL

	</sql-query>
	
	<sql-query name="home.sct.fileTraffic.hour">
	    <return-scalar column="bundleCount" type="integer"/>
	    SELECT COUNT(*) AS bundleCount FROM SCT_BUNDLE bun WHERE bun.BTIMESTAMP &gt; (SYSDATE-(1/24)) AND SERVICE=&apos;SCT&apos; AND ( ISOUTBOUND = 0 OR ISOUTBOUND =1 )
	</sql-query>
	<sql-query name="home.sct.fileTraffic.day">
	    <return-scalar column="bundleCount" type="integer"/>
	    SELECT COUNT(*) AS bundleCount FROM SCT_BUNDLE bun WHERE bun.BTIMESTAMP &gt; (SYSDATE-1) AND SERVICE=&apos;SCT&apos; AND ( ISOUTBOUND =0 OR ISOUTBOUND =1)
	</sql-query>
	<sql-query name="home.sct.fileTraffic.week">
	    <return-scalar column="bundleCount" type="integer"/>
	    SELECT COUNT(*) AS bundleCount FROM SCT_BUNDLE bun WHERE bun.BTIMESTAMP &gt; (SYSDATE-7) AND SERVICE=&apos;SCT&apos; AND ( ISOUTBOUND =0 OR ISOUTBOUND =1 )
	</sql-query>
	<sql-query name="home.sdd.fileTraffic.hour">
	    <return-scalar column="bundleCount" type="integer"/>
	    SELECT COUNT(*) AS bundleCount
	    FROM SCT_BUNDLE bun WHERE bun.BTIMESTAMP &gt; (SYSDATE-(1/24)) AND SERVICE=&apos;SDD&apos;
	</sql-query>
	<sql-query name="home.sdd.fileTraffic.day">
	    <return-scalar column="bundleCount" type="integer"/>
	    SELECT COUNT(*) AS bundleCount
	    FROM SCT_BUNDLE bun WHERE bun.BTIMESTAMP &gt; (SYSDATE-1) AND SERVICE=&apos;SDD&apos;
	</sql-query>
	<sql-query name="home.sdd.fileTraffic.week">
	    <return-scalar column="bundleCount" type="integer"/>
	    SELECT COUNT(*) AS bundleCount
	    FROM SCT_BUNDLE bun WHERE bun.BTIMESTAMP &gt; (SYSDATE-7) AND SERVICE=&apos;SDD&apos;
	</sql-query>
	<sql-query name="home.gpl.fileTraffic.hour">
	    <return-scalar column="bundleCount" type="integer"/>
	    SELECT COUNT(*) AS bundleCount
	    FROM SCT_BUNDLE bun WHERE bun.BTIMESTAMP &gt; (SYSDATE-(1/24)) AND SERVICE=&apos;GPL&apos;
	</sql-query>
	<sql-query name="home.gpl.fileTraffic.day">
	    <return-scalar column="bundleCount" type="integer"/>
	    SELECT COUNT(*) AS bundleCount
	    FROM SCT_BUNDLE bun WHERE bun.BTIMESTAMP &gt; (SYSDATE-1) AND SERVICE=&apos;GPL&apos;
	</sql-query>
	<sql-query name="home.gpl.fileTraffic.week">
	    <return-scalar column="bundleCount" type="integer"/>
	    SELECT COUNT(*) AS bundleCount
	    FROM SCT_BUNDLE bun WHERE bun.BTIMESTAMP &gt; (SYSDATE-7) AND SERVICE=&apos;GPL&apos;
	</sql-query>
	
	<sql-query name="home.trd.fileTraffic.hour">
	    <return-scalar column="bundleCount" type="integer"/>
	    SELECT COUNT(*) AS bundleCount
	    FROM SCT_BUNDLE bun WHERE bun.BTIMESTAMP &gt; (SYSDATE-(1/24)) AND SERVICE=&apos;TRD&apos;
	</sql-query>
	<sql-query name="home.trd.fileTraffic.day">
	    <return-scalar column="bundleCount" type="integer"/>
	    SELECT COUNT(*) AS bundleCount
	    FROM SCT_BUNDLE bun WHERE bun.BTIMESTAMP &gt; (SYSDATE-1) AND SERVICE=&apos;TRD&apos;
	</sql-query>
	<sql-query name="home.trd.fileTraffic.week">
	    <return-scalar column="bundleCount" type="integer"/>
	    SELECT COUNT(*) AS bundleCount
	    FROM SCT_BUNDLE bun WHERE bun.BTIMESTAMP &gt; (SYSDATE-7) AND SERVICE=&apos;TRD&apos;
	</sql-query>
	
	<sql-query name="home.roi.fileTraffic.hour">
	    <return-scalar column="bundleCount" type="integer"/>
	    SELECT COUNT(*) AS bundleCount
	    FROM SCT_BUNDLE bun WHERE bun.BTIMESTAMP &gt; (SYSDATE-(1/24)) AND SERVICE=&apos;ROI&apos;
	</sql-query>
	<sql-query name="home.roi.fileTraffic.day">
	    <return-scalar column="bundleCount" type="integer"/>
	    SELECT COUNT(*) AS bundleCount
	    FROM SCT_BUNDLE bun WHERE bun.BTIMESTAMP &gt; (SYSDATE-1) AND SERVICE=&apos;ROI&apos;
	</sql-query>
	<sql-query name="home.roi.fileTraffic.week">
	    <return-scalar column="bundleCount" type="integer"/>
	    SELECT COUNT(*) AS bundleCount
	    FROM SCT_BUNDLE bun WHERE bun.BTIMESTAMP &gt; (SYSDATE-7) AND SERVICE=&apos;ROI&apos;
	</sql-query>
	
	<!--<sql-query name="home.sct.trxTraffic.hour">
	    <return-scalar column="transCount" type="integer"/>
SELECT COUNT(*) AS transCount
	    FROM SCT_PAYMENT trans WHERE trans.PTIMESTAMP &gt; (SYSDATE-(1/24)) AND PAYMENT_ID&gt;0  AND ( ISOUTBOUND =0 OR ISOUTBOUND = 1)
	</sql-query>
	<sql-query name="home.sct.trxTraffic.day">
	    <return-scalar column="transCount" type="integer"/>
		SELECT COUNT(*) AS transCount
	    FROM SCT_PAYMENT trans WHERE trans.PTIMESTAMP &gt; (SYSDATE-1) AND PAYMENT_ID&gt;0 AND ( ISOUTBOUND =0 OR ISOUTBOUND = 1 )
	</sql-query>
	<sql-query name="home.sct.trxTraffic.week">
	    <return-scalar column="transCount" type="integer"/>
	    SELECT SUM(tc) as transCount
	    FROM 
	    (
	    SELECT COUNT(*) AS tc
	    FROM SCT_PAYMENT trans WHERE trans.PTIMESTAMP &gt; (SYSDATE-7) AND PAYMENT_ID&gt;0 AND ( ISOUTBOUND =0 OR ISOUTBOUND = 1 )
	    UNION
	    SELECT COUNT(*) AS tc
	    FROM SCT_PAYMENT_ARCHIVE trans WHERE trans.PTIMESTAMP &gt; (SYSDATE-7) AND PAYMENT_ID&gt;0 AND ( ISOUTBOUND =0 OR ISOUTBOUND = 1 )
	    )
	</sql-query>-->
	<!-- CHG_UI_IBM_RJ_013
	<sql-query name="home.sct.trxTraffic.hour">
	    <return-scalar column="transCount" type="integer"/>
SELECT COUNT(*) AS transCount
	    FROM SCT_PAYMENT trans WHERE trans.PTIMESTAMP &gt; (SYSDATE-(1/24)) AND PAYMENT_ID&gt;0  AND ( ISOUTBOUND =0 OR ISOUTBOUND = 1)
	</sql-query>-->
	<sql-query name="home.sct.trxTraffic.hour">
	    <return-scalar column="transCount" type="integer"/>
		SELECT COUNT(*) AS transCount
	    FROM SCT_PAYMENT trans WHERE trans.PTIMESTAMP &gt; (SYSDATE-(1/24)) AND PAYMENT_ID&gt;0  AND ( ISOUTBOUND =0 OR ISOUTBOUND = 1)
	</sql-query>	
	<!-- CHG_UI_IBM_RJ_013
	<sql-query name="home.sct.trxTraffic.day">
	    <return-scalar column="transCount" type="integer"/>
		SELECT COUNT(*) AS transCount
	    FROM SCT_PAYMENT trans WHERE trans.PTIMESTAMP &gt; (SYSDATE-1) AND PAYMENT_ID&gt;0 AND ( ISOUTBOUND =0 OR ISOUTBOUND = 1 )
	</sql-query>-->
	<sql-query name="home.sct.trxTraffic.day">
	    <return-scalar column="transCount" type="integer"/>
		SELECT COUNT(*) AS transCount
	    FROM SCT_PAYMENT trans WHERE trans.PTIMESTAMP &gt; (SYSDATE-1) AND PAYMENT_ID&gt;0 AND ( ISOUTBOUND =0 OR ISOUTBOUND = 1 )
	</sql-query>	
	<!-- CHG_UI_IBM_RJ_014 
	<sql-query name="home.sct.trxTraffic.week">
	    <return-scalar column="transCount" type="integer"/>
	    SELECT SUM(tc) as transCount
	    FROM 
	    (
	    SELECT COUNT(*) AS tc
	    FROM SCT_PAYMENT trans WHERE trans.PTIMESTAMP &gt; (SYSDATE-7) AND PAYMENT_ID&gt;0 AND ( ISOUTBOUND =0 OR ISOUTBOUND = 1 )
	    UNION
	    SELECT COUNT(*) AS tc
	    FROM SCT_PAYMENT_ARCHIVE trans WHERE trans.PTIMESTAMP &gt; (SYSDATE-7) AND PAYMENT_ID&gt;0 AND ( ISOUTBOUND =0 OR ISOUTBOUND = 1 )
	    )
	</sql-query>-->
	<sql-query name="home.sct.trxTraffic.week">
	    <return-scalar column="transCount" type="integer"/>
	    SELECT SUM(tc) as transCount
	    FROM 
	    (
	    SELECT COUNT(*) AS tc
	    FROM SCT_PAYMENT trans WHERE trans.PTIMESTAMP &gt; (SYSDATE-7) AND PAYMENT_ID&gt;0 AND ( ISOUTBOUND =0 OR ISOUTBOUND = 1 )
	    UNION
	    SELECT COUNT(*) AS tc
	    FROM SCT_PAYMENT_ARCHIVE trans WHERE trans.PTIMESTAMP &gt; (SYSDATE-7) AND PAYMENT_ID&gt;0 AND ( ISOUTBOUND =0 OR ISOUTBOUND = 1 )
	    )
	</sql-query>
	<sql-query name="home.paw.trxTraffic.hour">
	    <return-scalar column="transCount" type="integer"/>
		SELECT SUM(tc) as transCount FROM (
	    SELECT COUNT(*) AS tc
	    FROM SCT_PAYMENT trans WHERE trans.PTIMESTAMP &gt; (SYSDATE-(1/24)) AND PAYMENT_ID&gt;0 AND ISOUTBOUND =2
	    UNION SELECT COUNT(*) AS tc
	    FROM SCT_PAYMENT_ARCHIVE trans WHERE trans.PTIMESTAMP &gt; (SYSDATE-(1/24)) AND PAYMENT_ID&gt;0 AND ISOUTBOUND =2)
	</sql-query>	
	<sql-query name="home.paw.trxTraffic.day">
	    <return-scalar column="transCount" type="integer"/>
		SELECT SUM(tc) as transCount FROM (
	    SELECT COUNT(*) AS tc
	    FROM SCT_PAYMENT trans WHERE trans.PTIMESTAMP &gt; (SYSDATE-1) AND PAYMENT_ID&gt;0 AND ISOUTBOUND =2
	    UNION SELECT COUNT(*) AS tc
	    FROM SCT_PAYMENT_ARCHIVE trans WHERE trans.PTIMESTAMP &gt; (SYSDATE-1) AND PAYMENT_ID&gt;0 AND ISOUTBOUND =2)	    
 	</sql-query>
	<sql-query name="home.paw.trxTraffic.week">
	    <return-scalar column="transCount" type="integer"/>
		SELECT SUM(tc) as transCount FROM (
	    SELECT COUNT(*) AS tc
	    FROM SCT_PAYMENT trans WHERE trans.PTIMESTAMP &gt; (SYSDATE-7) AND PAYMENT_ID&gt;0 AND ISOUTBOUND =2
	    UNION SELECT COUNT(*) AS tc
	    FROM SCT_PAYMENT_ARCHIVE trans WHERE trans.PTIMESTAMP &gt; (SYSDATE-7) AND PAYMENT_ID&gt;0 AND ISOUTBOUND =2)
	</sql-query>	
</hibernate-mapping>
