<?xml version="1.0" encoding="UTF-8"?>
<ic2Reports>
	<report id="UserPrivilegesReportHTML">
		<name>User Privileges Report as HTML</name>
		<authorization>SFG_UI_REPORTS_USER_PRIV</authorization>
		<sql>BP:FB_UI_User_Priv_Report</sql>
		<usedates>false</usedates>
		<output>HTML</output>
	</report>
	<report id="UserPrivilegesReportPDF">
		<name>User Privileges Report as PDF</name>
		<authorization>SFG_UI_REPORTS_USER_PRIV</authorization>
		<sql>BP:FB_UI_User_Priv_Report</sql>
		<usedates>false</usedates>
		<output>PDF</output>
	</report>
</ic2Reports>