<?xml version="1.0" encoding="UTF-8"?>

<!DOCTYPE hibernate-mapping PUBLIC
    "-//Hibernate/Hibernate Mapping DTD 3.0//EN" 
    "http://hibernate.sourceforge.net/hibernate-mapping-3.0.dtd">

<hibernate-mapping>
	<class name="com.stercomm.customers.rbs.sct.ui.dtoimpl.BundleImpl"
		table="SCT_BUNDLE">

		<id name="bundleId" column="bundle_Id" type="java.lang.Long">
			<generator class="sequence">
				<param name="sequence">SCT_BUNDLE_IDSEQ</param>
				<!-- To add non XDoclet generator parameters, create a file named hibernate-generator-params-BundleImpl.xml 
					containing the additional parameters and place it in your merge dir. -->
			</generator>
		</id>
		<property name="BTimestamp" type="java.util.Date" update="true"
			insert="true" column="bTimestamp" />

		<many-to-one name="entity"
			class="com.stercomm.customers.rbs.sct.ui.dtoimpl.EntityImpl" cascade="none"
			outer-join="auto" update="true" insert="true" column="entity_Id" />

		<property name="error" type="java.lang.String" update="true"
			insert="true" column="error" />

		<property name="filename" type="java.lang.String" update="true"
			insert="true" column="filename" />
		<property name="service" type="java.lang.String" update="true"
			insert="true" column="service" />

		<property name="outbound" type="java.lang.Boolean" update="true"
			insert="true" column="isOutbound" />

		<property name="override" type="java.lang.Boolean" update="true"
			insert="true" column="isOverride" />

		<property name="messageId" type="java.lang.Integer" update="true"
			insert="true" column="message_Id" />

		<property name="reference" type="java.lang.String" update="true"
			insert="true" column="reference" />

		<property name="status" type="java.lang.Integer" update="true"
			insert="true" column="status" />
		<property name="docId" type="java.lang.String" update="true"
			insert="true" column="doc_Id" />
		<many-to-one name="WF"
			class="com.stercomm.customers.rbs.sct.ui.dtoimpl.WFInstSImpl"
			cascade="none" outer-join="auto" update="true" insert="true" column="wf_Id" />

		<set name="payments" lazy="true" cascade="none" sort="unsorted">

			<key column="BUNDLE_ID">
			</key>

			<one-to-many class="com.stercomm.customers.rbs.sct.ui.dtoimpl.PaymentImpl" />

		</set>

		<property name="BType" type="java.lang.String" update="true"
			insert="true" column="BTYPE" />

		<!-- To add non XDoclet property mappings, create a file named hibernate-properties-BundleImpl.xml 
			containing the additional properties and place it in your merge dir. -->

	</class>

</hibernate-mapping>
