<?xml version="1.0" encoding="UTF-8"?>

<!DOCTYPE hibernate-mapping PUBLIC
    "-//Hibernate/Hibernate Mapping DTD 3.0//EN" 
    "http://hibernate.sourceforge.net/hibernate-mapping-3.0.dtd">

<hibernate-mapping>
	<class name="com.stercomm.customers.rbs.sct.ui.dtoimpl.EntityImpl"
		table="SCT_ENTITY">

		<id name="entityId" column="entity_Id" type="java.lang.Integer">
			<generator class="sequence">
				<param name="sequence">SCT_ENTITY_IDSEQ</param>
				<!-- To add non XDoclet generator parameters, create a file named hibernate-generator-params-EntityImpl.xml 
					containing the additional parameters and place it in your merge dir. -->
			</generator>
		</id>

		<property name="compression" type="java.lang.Boolean" update="true"
			insert="true" column="compression" />

		<property name="deliveryNotification" type="java.lang.Boolean"
			update="true" insert="true" column="deliveryNotif" />

		<property name="deliveryNotifDN" type="java.lang.String"
			update="true" insert="true" column="deliveryNotifDN" />

		<property name="deliveryNotifRT" type="java.lang.String"
			update="true" insert="true" column="deliveryNotifRT" />

		<property name="endOfDay" type="java.lang.Integer" update="true"
			insert="true" column="endOfDay" />

		<property name="entity" type="java.lang.String" update="true"
			insert="true" column="entity" />

		<property name="fileDesc" type="java.lang.String" update="true"
			insert="true" column="fileDesc" />

		<property name="fileInfo" type="java.lang.String" update="true"
			insert="true" column="fileInfo" />

		<property name="mailboxPathOut" type="java.lang.String"
			update="true" insert="true" column="mailboxPathOut" />

		<property name="mailboxPathIn" type="java.lang.String"
			update="true" insert="true" column="mailboxPathIn" />

		<property name="maxBulksPerFile" type="java.lang.Integer"
			update="true" insert="true" column="maxBulksPerFile" />

		<property name="maxTransfersPerBulk" type="java.lang.Integer"
			update="true" insert="true" column="maxTransPerBulk" />

		<property name="mqQueueIn" type="java.lang.String" update="true"
			insert="true" column="mqQueueIn" />

		<property name="mqQueueOut" type="java.lang.String" update="true"
			insert="true" column="mqQueueOut" />

		<property name="requestType" type="java.lang.String" update="true"
			insert="true" column="requestType" />

		<property name="requestorDN" type="java.lang.String" update="true"
			insert="true" column="requestorDN" />

		<property name="requestRef" type="java.lang.String" update="true"
			insert="true" column="requestRef" />

		<property name="responderDN" type="java.lang.String" update="true"
			insert="true" column="responderDN" />

		<property name="service" type="java.lang.String" update="true"
			insert="true" column="service" />

		<property name="serviceName" type="java.lang.String" update="true"
			insert="true" column="serviceName" />

		<property name="snF" type="java.lang.Boolean" update="true"
			insert="true" column="SNF" />

		<property name="startOfDay" type="java.lang.Integer" update="true"
			insert="true" column="startOfDay" />

		<property name="trace" type="java.lang.Boolean" update="true"
			insert="true" column="trace" />

		<property name="transferDesc" type="java.lang.String" update="true"
			insert="true" column="transferDesc" />

		<property name="transferInfo" type="java.lang.String" update="true"
			insert="true" column="transferInfo" />

		<property name="cdNode" column="cdnode" type="java.lang.String" />
		<property name="idfWTOMsgId" column="IDF_WTOMSGID" type="java.lang.String" />
		<property name="cdfWTOMsgId" column="CDF_WTOMSGID" type="java.lang.String" />
		<property name="sdfWTOMsgId" column="SDF_WTOMSGID" type="java.lang.String" />
		<property name="rsfWTOMsgId" column="RSF_WTOMSGID" type="java.lang.String" />
		<property name="dnfWTOMsgId" column="DNF_WTOMSGID" type="java.lang.String" />
		<property name="dvfWTOMsgId" column="DVF_WTOMSGID" type="java.lang.String" />
		<property name="msrWTOMsgId" column="MSR_WTOMSGID" type="java.lang.String" />
		<property name="drrWTOMsgId" column="DRR_WTOMSGID" type="java.lang.String" />
		<property name="psrWTOMsgId" column="PSR_WTOMSGID" type="java.lang.String" />
		<property name="rtfWTOMsgId" column="RTF_WTOMSGID" type="java.lang.String" />
		<property name="mbpWTOMsgId" column="MBP_WTOMSGID" type="java.lang.String" />


		<property name="mqHost" column="MQ_HOST" type="java.lang.String" />
		<property name="mqPort" column="MQ_PORT" type="java.lang.Integer" />
		<property name="mqQManager" column="MQ_QMANAGER" type="java.lang.String" />
		<property name="mqChannel" column="MQ_CHANNEL" type="java.lang.String" />
		<property name="mqQueueName" column="MQ_QNAME" type="java.lang.String" />
		<property name="mqQueueBinding" column="MQ_QBINDING" type="java.lang.String" />
		<property name="mqQueueContext" column="MQ_QCONTEXT" type="java.lang.String" />
		<property name="mqDebug" column="MQ_DEBUG" type="java.lang.Integer" />
		<property name="mqSSLoptions" column="MQ_SSLOPTION" type="java.lang.String" />
		<property name="mqSSLciphers" column="MQ_SSLCIPHERS" type="java.lang.String" />
		<property name="mqSSLkey" column="MQ_SSLSYSTEMCERTID" type="java.lang.String" />
		<property name="mqSSLcaCert" column="MQ_SSLCACERTID" type="java.lang.String" />
		<property name="inboundRequestorDN" column="ROUTE_REQUESTORDN"
			type="java.lang.String" />
		<property name="inboundResponderDN" column="ROUTE_RESPONDERDN"
			type="java.lang.String" />
		<property name="inboundService" column="ROUTE_SERVICE" type="java.lang.String" />
		<property name="inboundType" column="ROUTE_REQUESTTYPE" type="java.lang.String" />
		<property name="nonRepudiation" type="java.lang.Boolean"
			update="true" insert="true" column="NONREPUDIATION" />
		<property name="pauseInbound" type="java.lang.Boolean"
			update="true" insert="true" column="PAUSE_INBOUND" />
		<property name="pauseOutbound" type="java.lang.Boolean"
			update="true" insert="true" column="PAUSE_OUTBOUND" />
		<property name="deleted" type="java.lang.Boolean" update="true"
			insert="true" column="ISDELETED" />
		<property name="e2eSigning" column="E2ESIGNING" type="java.lang.String" />
		<!-- To add non XDoclet property mappings, create a file named hibernate-properties-EntityImpl.xml 
			containing the additional properties and place it in your merge dir. -->

	</class>

</hibernate-mapping>
