<?xml version="1.0" encoding="UTF-8"?>

<!DOCTYPE hibernate-mapping PUBLIC
    "-//Hibernate/Hibernate Mapping DTD 3.0//EN" 
    "http://hibernate.sourceforge.net/hibernate-mapping-3.0.dtd">

<hibernate-mapping>
	<class name="com.stercomm.customers.rbs.sct.ui.dtoimpl.PaymentImpl"
		abstract="true">

		<id name="paymentId" column="payment_Id" type="java.lang.Long">
			<generator class="sequence">
				<param name="sequence">SCT_PAYMENT_IDSEQ</param>
				<!-- To add non XDoclet generator parameters, create a file named hibernate-generator-params-PaymentImpl.xml 
					containing the additional parameters and place it in your merge dir. -->
			</generator>
		</id>

		<many-to-one name="bundle"
			class="com.stercomm.customers.rbs.sct.ui.dtoimpl.BundleImpl" cascade="none"
			outer-join="auto" update="true" insert="true" column="bundle_Id" />

		<property name="messageId" type="java.lang.Long" update="true"
			insert="true" column="message_Id" />

		<property name="outbound" type="java.lang.Boolean" update="true"
			insert="true" column="isoutbound" />

		<property name="PTimestamp" type="java.util.Date" update="true"
			insert="true" column="pTimestamp" />

		<property name="reference" type="java.lang.String" update="true"
			insert="true" column="reference" />

		<property name="settleAmt" type="java.lang.Double" update="true"
			insert="true" column="settle_Amt" />

		<property name="settleDate" type="java.util.Date" update="true"
			insert="true" column="settle_Date" />

		<property name="status" type="java.lang.Integer" update="true"
			insert="true" column="status" />

		<property name="transactionId" type="java.lang.String"
			update="true" insert="true" column="transaction_Id" />

		<property name="type" type="java.lang.String" update="true"
			insert="true" column="type" />

		<property name="wfId" type="java.lang.Long" update="true"
			insert="true" column="wf_Id" />

		<property name="docId" type="java.lang.String" update="true"
			insert="true" column="doc_id" />

        <!-- To add non XDoclet property mappings, create a file named hibernate-properties-PaymentImpl.xml 
			containing the additional properties and place it in your merge dir. -->
		<union-subclass
			name="com.stercomm.customers.rbs.sct.ui.dtoimpl.PaymentCurrentImpl"
			table="SCT_PAYMENT"></union-subclass>
		<union-subclass
			name="com.stercomm.customers.rbs.sct.ui.dtoimpl.PaymentArchiveImpl"
			table="SCT_PAYMENT_ARCHIVE"></union-subclass>
	</class>

</hibernate-mapping>
