<?xml version="1.0" encoding="UTF-8"?>

<!DOCTYPE hibernate-mapping PUBLIC
    "-//Hibernate/Hibernate Mapping DTD 3.0//EN" 
    "http://hibernate.sourceforge.net/hibernate-mapping-3.0.dtd">

<hibernate-mapping>
	<class name="com.stercomm.customers.rbs.sct.ui.dtoimpl.ScheduleImpl"
		table="SCT_SCHEDULE">

		<id name="scheduleId" column="schedule_Id" type="java.lang.Long">
			<generator class="sequence">
				<param name="sequence">SCT_SCHEDULE_IDSEQ</param>
				<!-- To add non XDoclet generator parameters, create a file named hibernate-generator-params-ScheduleImpl.xml 
					containing the additional parameters and place it in your merge dir. -->
			</generator>
		</id>

		<property name="active" type="java.lang.Boolean" update="true"
			insert="true" column="active" />

		<many-to-one name="entity"
			class="com.stercomm.customers.rbs.sct.ui.dtoimpl.EntityImpl" cascade="save-update"
			outer-join="auto" update="true" insert="true" column="entity_Id" />

		<property name="isWindow" type="java.lang.Boolean" update="true"
			insert="true" column="isWindow" />

		<property name="lastRun" type="java.util.Date" update="true"
			insert="true" column="lastRun" />

		<property name="nextRun" type="java.util.Date" update="true"
			insert="true" column="nextRun" />

		<property name="timestart" type="java.lang.Integer" update="true"
			insert="true" column="timestart" />

		<property name="transThreshold" type="java.lang.Integer"
			update="true" insert="true" column="transThreshold" />

		<property name="windowEnd" type="java.lang.Integer" update="true"
			insert="true" column="windowEnd" />

		<property name="windowInterval" type="java.lang.Integer"
			update="true" insert="true" column="windowInterval" />

		<property name="filetype" type="java.lang.String"
			update="true" insert="true" column="filetype" />			

		<!-- To add non XDoclet property mappings, create a file named hibernate-properties-ScheduleImpl.xml 
			containing the additional properties and place it in your merge dir. -->

	</class>

</hibernate-mapping>
