<?xml version="1.0" encoding="UTF-8"?>

<!DOCTYPE hibernate-mapping PUBLIC
    "-//Hibernate/Hibernate Mapping DTD 3.0//EN" 
    "http://hibernate.sourceforge.net/hibernate-mapping-3.0.dtd">

<hibernate-mapping>
	<class name="com.stercomm.customers.rbs.sct.ui.dtoimpl.WFInstSImpl"
		table="WF_INST_S">

		<id name="workflowId" column="workflow_id" type="java.lang.Long">
			<generator class="sequence">
				<param name="sequence">NULL</param>
				<!-- To add non XDoclet generator parameters, create a file named hibernate-generator-params-WFInstSImpl.xml 
					containing the additional parameters and place it in your merge dir. -->
			</generator>
		</id>

		<property name="status" type="java.lang.Integer" update="true"
			insert="true" column="status" />

		<property name="initialWFContext" type="java.lang.String"
			update="true" insert="true" column="initial_wfc_id" />

		<property name="startTime" type="java.util.Date" update="true"
			insert="true" column="start_time" />

		<property name="endTime" type="java.util.Date" update="true"
			insert="true" column="end_time" />

		<!-- To add non XDoclet property mappings, create a file named hibernate-properties-WFInstSImpl.xml 
			containing the additional properties and place it in your merge dir. -->

	</class>

</hibernate-mapping>
