<?xml version="1.0" encoding="UTF-8"?>
<ic2Reports>
	<report id="UserPrivilegesReportHTML">
		<name>User Privileges Report as HTML</name>
		<authorization>FB_UI_REPORTS_USER_PRIV</authorization>
		<sql>BP:FB_UI_User_Priv_Report</sql>
		<usedates>false</usedates>
		<output>HTML</output>
	</report>
	<report id="UserPrivilegesReportPDF">
		<name>User Privileges Report as PDF</name>
		<authorization>FB_UI_REPORTS_USER_PRIV</authorization>
		<sql>BP:FB_UI_User_Priv_Report</sql>
		<usedates>false</usedates>
		<output>PDF</output>
	</report>
	<report id="MQTransferReportPDF">
		<name>MQ Transfer Report as PDF</name>
		<authorization>FB_UI_REPORTS_MQ_TRANSFER</authorization>
		<sql>BP:FB_UI_MQ_Transfer_Report</sql>
		<usedates>true</usedates>
		<output>PDF</output>
	</report>
	<report id="MQTransferReportCSV">
		<name>MQ Transfer Report (Dump) as CSV</name>
		<authorization>FB_UI_REPORTS_MQ_TRANSFER</authorization>
		<sql>BP:FB_UI_MQ_Transfer_Report</sql>
		<usedates>true</usedates>
		<output>CSV</output>
	</report>
	<report id="CDTransferReportPDF">
		<name>CD Transfer Report as PDF</name>
		<authorization>FB_UI_REPORTS_CD_TRANSFER</authorization>
		<sql>BP:FB_UI_CD_Transfer_Report</sql>
		<usedates>true</usedates>
		<output>PDF</output>
	</report>
	<report id="CDTransferReportCSV">
		<name>CD Transfer Report (Dump) as CSV</name>
		<authorization>FB_UI_REPORTS_CD_TRANSFER</authorization>
		<sql>BP:FB_UI_CD_Transfer_Report</sql>
		<usedates>true</usedates>
		<output>CSV</output>
	</report>
	<report id="GPLFileReportPDF">
		<name>GPL File Report as PDF</name>
		<authorization>FB_UI_REPORTS_GPL_FILES</authorization>
		<sql>BP:FB_UI_GPL_File_Report</sql>
		<usedates>true</usedates>
		<output>PDF</output>
	</report>
	<report id="GPLFileReportCSV">
		<name>GPL File Report (Dump) as CSV</name>
		<authorization>FB_UI_REPORTS_GPL_FILES</authorization>
		<sql>BP:FB_UI_GPL_File_Report</sql>
		<usedates>true</usedates>
		<output>CSV</output>
	</report>
</ic2Reports>